Workbook

Sheet FORMULARIO 
A1: FORMULARIO TINTOMETRICO
A3: SISTEMA TINTOMETRICO | C3: TWIST
A4: FORMULARIO DISPONIBLE PARA: | C4: LATEX EXPERTO
C5: LATEX ACRILICO ANTIHONGOS SIPA
C6: LATEX CK-70 PLUS
A11: FORMATO | C11: GALON
A12: UNIDADES | C12: 1/48 ONZAS
A15: COLORANTE | B15: COSTO $LITRO | C15: COSTO POR ONZA
A16: BC | B16: 3338.9 | C16: =(B16/33.817) -> 98.734364
A17: NE | B17: 2847.8 | C17: =(B17/33.817) -> 84.212083
A18: OC | B18: 2947.1 | C18: =(B18/33.817) -> 87.148476
A19: RO | B19: 4430.6 | C19: =(B19/33.817) -> 131.01694
A20: VI | B20: 3900.8 | C20: =(B20/33.817) -> 115.35027
A21: CA | B21: 1694.2 | C21: =(B21/33.817) -> 50.099063
A22: AV | B22: 4006.7 | C22: =(B22/33.817) -> 118.48183
A23: AO | B23: 4205.4 | C23: =(B23/33.817) -> 124.35757
A24: MA | B24: 6490.2 | C24: =(B24/33.817) -> 191.92122
A25: RJ | B25: 3603.9 | C25: =(B25/33.817) -> 106.57066
A26: AZ | B26: 2029.1 | C26: =(B26/33.817) -> 60.002366
A27: VE | B27: 2100.3 | C27: =(B27/33.817) -> 62.107816
... A29: AT | B29: 11065 | C29: =(B29/33.817) -> 327.20229
B31: Densidad kg/gl | C31: Densidad gr/ml | D31: onza galon | E31: ml galon | F31: ml/100 ml | G31: gr/100 ml
A32: Blanca | C32: =(B32/3.785) -> 0 | D32: 128 | E32: =(D32*3785/128) -> 3785 | F32: =(E32*0.03) -> 113.55 | G32: =(F32*C32) -> 0
A33: Media | C33: =(B33/3.785) -> 0 | D33: 124 | E33: =(D33*3785/128) -> 3666.7188 | F33: =(E33*0.03) -> 110.00156 | G33: =(F33*C33) -> 0
A34: Intensa | C34: =(B34/3.785) -> 0 | D34: 120 | E34: =(D34*3785/128) -> 3548.4375 | F34: =(E34*0.03) -> 106.45312 | G34: =(F34*C34) -> 0
C35: =(B35/3.785) -> 0 | E35: =(D35*3785/128) -> 0 | F35: =(E35*0.03) -> 0 | G35: =(F35*C35) -> 0
BE38: FORMULARIO PARA COLOLAB/ GALON ML
A39: FAMILIA | B39: PRODUCTO | C39: CARTILLA | D39: FORMATO | E39: TOLERANCIA LUZ | F39: PRIMER | G39: COLOR | H39: R | I39: G | J39: B | K39: REVISADO EN AT | L39: RESULTADO DE CMC | M39: VERSION | N39: RESPONSABLE | O39: Observaciones | P39: BASE | Q39: Oz base | R39: gr/100 ml | S39: COL_1 | T39: Y | U39: R | V39: 1/48 onzas | W39: Total Onzas galon | X39: ml galon | Y39: ml 100 ml | Z39: COSTO | AA39: COL_2 | AB39: Y | AC39: R | AD39: 1/48 onzas | AE39: Total Onzas galon | AF39: ml galon | AG39: ml 100 ml | AH39: COSTO | AI39: COL_3 | AJ39: Y | AK39: R | AL39: 1/48 onzas | AM39: Total Onzas galon | AN39: ml galon | AO39: ml 100 ml | AP39: COSTO | AQ39: COL_4 | AR39: Y | AS39: R | AT39: 1/48 onzas | AU39: Total Onzas galon | AV39: ml galon | AW39: ml 100 ml | AX39: COSTO | AY39: COSTO TOTAL COLORANTES | AZ39: ONZAS TOTAL COLORANTE | BA39: OZ TOTAL BASE + COLORANTES | BB39: Sobrellenado | BC39: concentrados repetidos | BE39: AO | BF39: AT | BG39: AV | BH39: AZ | BI39: BC | BJ39: CA | BK39: MA | BL39: NE | BM39: OC | BN39: RJ | BO39: RO | BP39: RT | BQ39: VE | BR39: VI
A40: Latex | B40: Latex Experto y Homologos | C40: L. Experto | D40: Galon | E40: - | F40: - | G40: Marfil | P40: Blanca | Q40: 128 | R40: =IF(P40=$A$32,$G$32,IF(P40=$A$33,$G$33,IF(P40=$A$34,$G$34,IF(P40=$A$35,$G$35)))) -> 0 | S40: CA | U40: 0.5 | V40: =(T40*48)+(U40) -> 0.5 | W40: =(V40/48) -> 0.010416667 | X40: =(W40/0.033814) -> 0.30805781 | Y40: =(X40*0.03) -> 0.0092417342 | Z40: =IF(S40="",0,VLOOKUP(S40,[1]!Costo_Twist,2,FALSE)*W40) -> 0.70680673 | AA40: RO | AC40: 0.5 | AD40: =(AB40*48)+(AC40) -> 0.5 | AE40: =(AD40/48) -> 0.010416667 | AF40: =(AE40/0.033814) -> 0.30805781 | AG40: =(AF40*0.03) -> 0.0092417342 | AH40: =IF(AA40="",0,VLOOKUP(AA40,[1]!Costo_Twist,2,FALSE)*AE40) -> 2.611199 | AI40: AV | AK40: 7 | AL40: =(AJ40*48)+(AK40) -> 7 | AM40: =(AL40/48) -> 0.14583333 | AN40: =(AM40/0.033814) -> 4.3128093 | AO40: =(AN40*0.03) -> 0.12938428 | AP40: =IF(AI40="",0,VLOOKUP(AI40,[1]!Costo_Twist,2,FALSE)*AM40) -> 26.819672 | AT40: =(AR40*48)+(AS40) -> 0 | AU40: =(AT40/48) -> 0 | AV40: =(AU40/0.033814) -> 0 | AW40: =(AV40*0.03) -> 0 | AX40: =IF(AQ40="",0,VLOOKUP(AQ40,[1]!Costo_Twist,2,FALSE)*AU40) -> 0 | AY40: =(Z40+AH40+AP40+AX40) -> 30.137677 | AZ40: =(W40+AE40+AM40+AU40) -> 0.16666667 | BA40: =(Q40+AZ40) -> 128.16667 | BB40: =IF(BA40>=133,"sobrellenado","ok") -> ok | BC40: =IF((COUNTIF($AA40,$S40)+COUNTIF($AI40,$S40)+COUNTIF($AQ40,$S40)+COUNTIF($S40,$AA40)+COUNTIF($AI40,$AA40)+COUNTIF($AQ40,$AA40)+COUNTIF($S40,$AI40)+COUNTIF($AA40,$AI40)+COUNTIF($AQ40,$AI40)+COUNTIF($S40,$AQ40)+COUNTIF($AA40,$AQ40)+COUNTIF($AI40,$AQ40))>1,"Falla","ok") -> ok | BE40: =IF(S40=$BE$39,X40,IF(AA40=$BE$39,AF40,IF(AI40=$BE$39,AN40,IF(AQ40=$BE$39,AV40)))) -> FALSE | BF40: =IF(S40=$BF$39,X40,IF(AA40=$BF$39,AF40,IF(AI40=$BF$39,AN40,IF(AQ40=$BF$39,AV40)))) -> FALSE | BG40: =IF(S40=$BG$39,X40,IF(AA40=$BG$39,AF40,IF(AI40=$BG$39,AN40,IF(AQ40=$BG$39,AV40)))) -> 4.3128093 | BH40: =IF(S40=$BH$39,X40,IF(AA40=$BH$39,AF40,IF(AI40=$BH$39,AN40,IF(AQ40=$BH$39,AV40)))) -> FALSE | BI40: =IF(S40=$BI$39,X40,IF(AA40=$BI$39,AF40,IF(AI40=$BI$39,AN40,IF(AQ40=$BI$39,AV40)))) -> FALSE | BJ40: =IF(S40=$BJ$39,X40,IF(AA40=$BJ$39,AF40,IF(AI40=$BJ$39,AN40,IF(AQ40=$BJ$39,AV40)))) -> 0.30805781 | BK40: =IF(S40=$BK$39,X40,IF(AA40=$BK$39,AF40,IF(AI40=$BK$39,AN40,IF(AQ40=$BK$39,AV40)))) -> FALSE | BL40: =IF(S40=$BL$39,X40,IF(AA40=$BL$39,AF40,IF(AI40=$BL$39,AN40,IF(AQ40=$BL$39,AV40)))) -> FALSE | BM40: =IF(S40=$BM$39,X40,IF(AA40=$BM$39,AF40,IF(AI40=$BM$39,AN40,IF(AQ40=$BM$39,AV40)))) -> FALSE | BN40: =IF(S40=$BN$39,X40,IF(AA40=$BN$39,AF40,IF(AI40=$BN$39,AN40,IF(AQ40=$BN$39,AV40)))) -> FALSE | BO40: =IF(S40=$BO$39,X40,IF(AA40=$BO$39,AF40,IF(AI40=$BO$39,AN40,IF(AQ40=$BO$39,AV40)))) -> 0.30805781 | BP40: =IF(S40=$BP$39,X40,IF(AA40=$BP$39,AF40,IF(AI40=$BP$39,AN40,IF(AQ40=$BP$39,AV40)))) -> FALSE | BQ40: =IF(S40=$BQ$39,X40,IF(AA40=$BQ$39,AF40,IF(AI40=$BQ$39,AN40,IF(AQ40=$BQ$39,AV40)))) -> FALSE | BR40: =IF(S40=$BR$39,X40,IF(AA40=$BR$39,AF40,IF(AI40=$BR$39,AN40,IF(AQ40=$BR$39,AV40)))) -> FALSE
A41: Latex | B41: Latex Experto y Homologos | C41: L. Experto | D41: Galon | E41: - | F41: - | G41: Blanco Ingles | H41: 246 | I41: 240 | J41: 228 | P41: Blanca | Q41: 128 | R41: =IF(P41=$A$32,$G$32,IF(P41=$A$33,$G$33,IF(P41=$A$34,$G$34,IF(P41=$A$35,$G$35)))) -> 0 | S41: NE | U41: 2.5 | V41: =(T41*48)+(U41) -> 2.5 | W41: =(V41/48) -> 0.052083333 | X41: =(W41/0.033814) -> 1.540289 | Y41: =(X41*0.03) -> 0.046208671 | Z41: =IF(S41="",0,VLOOKUP(S41,[1]!Costo_Twist,2,FALSE)*W41) -> 6.4669767 | AA41: RO | AC41: 0.5 | AD41: =(AB41*48)+(AC41) -> 0.5 | AE41: =(AD41/48) -> 0.010416667 | AF41: =(AE41/0.033814) -> 0.30805781 | AG41: =(AF41*0.03) -> 0.0092417342 | AH41: =IF(AA41="",0,VLOOKUP(AA41,[1]!Costo_Twist,2,FALSE)*AE41) -> 2.611199 | AI41: AV | AK41: 4.5 | AL41: =(AJ41*48)+(AK41) -> 4.5 | AM41: =(AL41/48) -> 0.09375 | AN41: =(AM41/0.033814) -> 2.7725203 | AO41: =(AN41*0.03) -> 0.083175608 | AP41: =IF(AI41="",0,VLOOKUP(AI41,[1]!Costo_Twist,2,FALSE)*AM41) -> 17.241217 | AT41: =(AR41*48)+(AS41) -> 0 | AU41: =(AT41/48) -> 0 | AV41: =(AU41/0.033814) -> 0 | AW41: =(AV41*0.03) -> 0 | AX41: =IF(AQ41="",0,VLOOKUP(AQ41,[1]!Costo_Twist,2,FALSE)*AU41) -> 0 | AY41: =(Z41+AH41+AP41+AX41) -> 26.319393 | AZ41: =(W41+AE41+AM41+AU41) -> 0.15625 | BA41: =(Q41+AZ41) -> 128.15625 | BB41: =IF(BA41>=133,"sobrellenado","ok") -> ok | BC41: =IF((COUNTIF($AA41,$S41)+COUNTIF($AI41,$S41)+COUNTIF($AQ41,$S41)+COUNTIF($S41,$AA41)+COUNTIF($AI41,$AA41)+COUNTIF($AQ41,$AA41)+COUNTIF($S41,$AI41)+COUNTIF($AA41,$AI41)+COUNTIF($AQ41,$AI41)+COUNTIF($S41,$AQ41)+COUNTIF($AA41,$AQ41)+COUNTIF($AI41,$AQ41))>1,"Falla","ok") -> ok | BE41: =IF(S41=$BE$39,X41,IF(AA41=$BE$39,AF41,IF(AI41=$BE$39,AN41,IF(AQ41=$BE$39,AV41)))) -> FALSE | BF41: =IF(S41=$BF$39,X41,IF(AA41=$BF$39,AF41,IF(AI41=$BF$39,AN41,IF(AQ41=$BF$39,AV41)))) -> FALSE | BG41: =IF(S41=$BG$39,X41,IF(AA41=$BG$39,AF41,IF(AI41=$BG$39,AN41,IF(AQ41=$BG$39,AV41)))) -> 2.7725203 | BH41: =IF(S41=$BH$39,X41,IF(AA41=$BH$39,AF41,IF(AI41=$BH$39,AN41,IF(AQ41=$BH$39,AV41)))) -> FALSE | BI41: =IF(S41=$BI$39,X41,IF(AA41=$BI$39,AF41,IF(AI41=$BI$39,AN41,IF(AQ41=$BI$39,AV41)))) -> FALSE | BJ41: =IF(S41=$BJ$39,X41,IF(AA41=$BJ$39,AF41,IF(AI41=$BJ$39,AN41,IF(AQ41=$BJ$39,AV41)))) -> FALSE | BK41: =IF(S41=$BK$39,X41,IF(AA41=$BK$39,AF41,IF(AI41=$BK$39,AN41,IF(AQ41=$BK$39,AV41)))) -> FALSE | BL41: =IF(S41=$BL$39,X41,IF(AA41=$BL$39,AF41,IF(AI41=$BL$39,AN41,IF(AQ41=$BL$39,AV41)))) -> 1.540289 | BM41: =IF(S41=$BM$39,X41,IF(AA41=$BM$39,AF41,IF(AI41=$BM$39,AN41,IF(AQ41=$BM$39,AV41)))) -> FALSE | BN41: =IF(S41=$BN$39,X41,IF(AA41=$BN$39,AF41,IF(AI41=$BN$39,AN41,IF(AQ41=$BN$39,AV41)))) -> FALSE | BO41: =IF(S41=$BO$39,X41,IF(AA41=$BO$39,AF41,IF(AI41=$BO$39,AN41,IF(AQ41=$BO$39,AV41)))) -> 0.30805781 | BP41: =IF(S41=$BP$39,X41,IF(AA41=$BP$39,AF41,IF(AI41=$BP$39,AN41,IF(AQ41=$BP$39,AV41)))) -> FALSE | BQ41: =IF(S41=$BQ$39,X41,IF(AA41=$BQ$39,AF41,IF(AI41=$BQ$39,AN41,IF(AQ41=$BQ$39,AV41)))) -> FALSE | BR41: =IF(S41=$BR$39,X41,IF(AA41=$BR$39,AF41,IF(AI41=$BR$39,AN41,IF(AQ41=$BR$39,AV41)))) -> FALSE
A42: Latex | B42: Latex Experto y Homologos | C42: L. Experto | D42: Galon | E42: - | F42: - | G42: Damasco | H42: 252 | I42: 220 | J42: 179 | P42: Blanca | Q42: 128 | R42: =IF(P42=$A$32,$G$32,IF(P42=$A$33,$G$33,IF(P42=$A$34,$G$34,IF(P42=$A$35,$G$35)))) -> 0 | S42: CA | U42: 3 | V42: =(T42*48)+(U42) -> 3 | W42: =(V42/48) -> 0.0625 | X42: =(W42/0.033814) -> 1.8483468 | Y42: =(X42*0.03) -> 0.055450405 | Z42: =IF(S42="",0,VLOOKUP(S42,[1]!Costo_Twist,2,FALSE)*W42) -> 4.2408404 | AA42: RO | AC42: 3.5 | AD42: =(AB42*48)+(AC42) -> 3.5 | AE42: =(AD42/48) -> 0.072916667 | AF42: =(AE42/0.033814) -> 2.1564046 | AG42: =(AF42*0.03) -> 0.064692139 | AH42: =IF(AA42="",0,VLOOKUP(AA42,[1]!Costo_Twist,2,FALSE)*AE42) -> 18.278393 | AI42: OC | AK42: 30 | AL42: =(AJ42*48)+(AK42) -> 30 | AM42: =(AL42/48) -> 0.625 | AN42: =(AM42/0.033814) -> 18.483468 | AO42: =(AN42*0.03) -> 0.55450405 | AP42: =IF(AI42="",0,VLOOKUP(AI42,[1]!Costo_Twist,2,FALSE)*AM42) -> 91.513884 | AT42: =(AR42*48)+(AS42) -> 0 | AU42: =(AT42/48) -> 0 | AV42: =(AU42/0.033814) -> 0 | AW42: =(AV42*0.03) -> 0 | AX42: =IF(AQ42="",0,VLOOKUP(AQ42,[1]!Costo_Twist,2,FALSE)*AU42) -> 0 | AY42: =(Z42+AH42+AP42+AX42) -> 114.03312 | AZ42: =(W42+AE42+AM42+AU42) -> 0.76041667 | BA42: =(Q42+AZ42) -> 128.76042 | BB42: =IF(BA42>=133,"sobrellenado","ok") -> ok | BC42: =IF((COUNTIF($AA42,$S42)+COUNTIF($AI42,$S42)+COUNTIF($AQ42,$S42)+COUNTIF($S42,$AA42)+COUNTIF($AI42,$AA42)+COUNTIF($AQ42,$AA42)+COUNTIF($S42,$AI42)+COUNTIF($AA42,$AI42)+COUNTIF($AQ42,$AI42)+COUNTIF($S42,$AQ42)+COUNTIF($AA42,$AQ42)+COUNTIF($AI42,$AQ42))>1,"Falla","ok") -> ok | BE42: =IF(S42=$BE$39,X42,IF(AA42=$BE$39,AF42,IF(AI42=$BE$39,AN42,IF(AQ42=$BE$39,AV42)))) -> FALSE | BF42: =IF(S42=$BF$39,X42,IF(AA42=$BF$39,AF42,IF(AI42=$BF$39,AN42,IF(AQ42=$BF$39,AV42)))) -> FALSE | BG42: =IF(S42=$BG$39,X42,IF(AA42=$BG$39,AF42,IF(AI42=$BG$39,AN42,IF(AQ42=$BG$39,AV42)))) -> FALSE | BH42: =IF(S42=$BH$39,X42,IF(AA42=$BH$39,AF42,IF(AI42=$BH$39,AN42,IF(AQ42=$BH$39,AV42)))) -> FALSE | BI42: =IF(S42=$BI$39,X42,IF(AA42=$BI$39,AF42,IF(AI42=$BI$39,AN42,IF(AQ42=$BI$39,AV42)))) -> FALSE | BJ42: =IF(S42=$BJ$39,X42,IF(AA42=$BJ$39,AF42,IF(AI42=$BJ$39,AN42,IF(AQ42=$BJ$39,AV42)))) -> 1.8483468 | BK42: =IF(S42=$BK$39,X42,IF(AA42=$BK$39,AF42,IF(AI42=$BK$39,AN42,IF(AQ42=$BK$39,AV42)))) -> FALSE | BL42: =IF(S42=$BL$39,X42,IF(AA42=$BL$39,AF42,IF(AI42=$BL$39,AN42,IF(AQ42=$BL$39,AV42)))) -> FALSE | BM42: =IF(S42=$BM$39,X42,IF(AA42=$BM$39,AF42,IF(AI42=$BM$39,AN42,IF(AQ42=$BM$39,AV42)))) -> 18.483468 | BN42: =IF(S42=$BN$39,X42,IF(AA42=$BN$39,AF42,IF(AI42=$BN$39,AN42,IF(AQ42=$BN$39,AV42)))) -> FALSE | BO42: =IF(S42=$BO$39,X42,IF(AA42=$BO$39,AF42,IF(AI42=$BO$39,AN42,IF(AQ42=$BO$39,AV42)))) -> 2.1564046 | BP42: =IF(S42=$BP$39,X42,IF(AA42=$BP$39,AF42,IF(AI42=$BP$39,AN42,IF(AQ42=$BP$39,AV42)))) -> FALSE | BQ42: =IF(S42=$BQ$39,X42,IF(AA42=$BQ$39,AF42,IF(AI42=$BQ$39,AN42,IF(AQ42=$BQ$39,AV42)))) -> FALSE | BR42: =IF(S42=$BR$39,X42,IF(AA42=$BR$39,AF42,IF(AI42=$BR$39,AN42,IF(AQ42=$BR$39,AV42)))) -> FALSE
A43: Latex | B43: Latex Experto y Homologos | C43: L. Experto | D43: Galon | E43: - | F43: - | G43: Ocre | H43: 254 | I43: 219 | J43: 137 | P43: Media | Q43: 124 | R43: =IF(P43=$A$32,$G$32,IF(P43=$A$33,$G$33,IF(P43=$A$34,$G$34,IF(P43=$A$35,$G$35)))) -> 0 | S43: AV | U43: 119 | V43: =(T43*48)+(U43) -> 119 | W43: =(V43/48) -> 2.4791667 | X43: =(W43/0.033814) -> 73.317758 | Y43: =(X43*0.03) -> 2.1995327 | Z43: =IF(S43="",0,VLOOKUP(S43,[1]!Costo_Twist,2,FALSE)*W43) -> 455.93442 | AA43: OC | AC43: 86.5 | AD43: =(AB43*48)+(AC43) -> 86.5 | AE43: =(AD43/48) -> 1.8020833 | AF43: =(AE43/0.033814) -> 53.294001 | AG43: =(AF43*0.03) -> 1.59882 | AH43: =IF(AA43="",0,VLOOKUP(AA43,[1]!Costo_Twist,2,FALSE)*AE43) -> 263.86503 | AI43: RJ | AK43: 2 | AL43: =(AJ43*48)+(AK43) -> 2 | AM43: =(AL43/48) -> 0.041666667 | AN43: =(AM43/0.033814) -> 1.2322312 | AO43: =(AN43*0.03) -> 0.036966937 | AP43: =IF(AI43="",0,VLOOKUP(AI43,[1]!Costo_Twist,2,FALSE)*AM43) -> 8.5000887 | AT43: =(AR43*48)+(AS43) -> 0 | AU43: =(AT43/48) -> 0 | AV43: =(AU43/0.033814) -> 0 | AW43: =(AV43*0.03) -> 0 | AX43: =IF(AQ43="",0,VLOOKUP(AQ43,[1]!Costo_Twist,2,FALSE)*AU43) -> 0 | AY43: =(Z43+AH43+AP43+AX43) -> 728.29954 | AZ43: =(W43+AE43+AM43+AU43) -> 4.3229167 | BA43: =(Q43+AZ43) -> 128.32292 | BB43: =IF(BA43>=133,"sobrellenado","ok") -> ok | BC43: =IF((COUNTIF($AA43,$S43)+COUNTIF($AI43,$S43)+COUNTIF($AQ43,$S43)+COUNTIF($S43,$AA43)+COUNTIF($AI43,$AA43)+COUNTIF($AQ43,$AA43)+COUNTIF($S43,$AI43)+COUNTIF($AA43,$AI43)+COUNTIF($AQ43,$AI43)+COUNTIF($S43,$AQ43)+COUNTIF($AA43,$AQ43)+COUNTIF($AI43,$AQ43))>1,"Falla","ok") -> ok | BE43: =IF(S43=$BE$39,X43,IF(AA43=$BE$39,AF43,IF(AI43=$BE$39,AN43,IF(AQ43=$BE$39,AV43)))) -> FALSE | BF43: =IF(S43=$BF$39,X43,IF(AA43=$BF$39,AF43,IF(AI43=$BF$39,AN43,IF(AQ43=$BF$39,AV43)))) -> FALSE | BG43: =IF(S43=$BG$39,X43,IF(AA43=$BG$39,AF43,IF(AI43=$BG$39,AN43,IF(AQ43=$BG$39,AV43)))) -> 73.317758 | BH43: =IF(S43=$BH$39,X43,IF(AA43=$BH$39,AF43,IF(AI43=$BH$39,AN43,IF(AQ43=$BH$39,AV43)))) -> FALSE | BI43: =IF(S43=$BI$39,X43,IF(AA43=$BI$39,AF43,IF(AI43=$BI$39,AN43,IF(AQ43=$BI$39,AV43)))) -> FALSE | BJ43: =IF(S43=$BJ$39,X43,IF(AA43=$BJ$39,AF43,IF(AI43=$BJ$39,AN43,IF(AQ43=$BJ$39,AV43)))) -> FALSE | BK43: =IF(S43=$BK$39,X43,IF(AA43=$BK$39,AF43,IF(AI43=$BK$39,AN43,IF(AQ43=$BK$39,AV43)))) -> FALSE | BL43: =IF(S43=$BL$39,X43,IF(AA43=$BL$39,AF43,IF(AI43=$BL$39,AN43,IF(AQ43=$BL$39,AV43)))) -> FALSE | BM43: =IF(S43=$BM$39,X43,IF(AA43=$BM$39,AF43,IF(AI43=$BM$39,AN43,IF(AQ43=$BM$39,AV43)))) -> 53.294001 | BN43: =IF(S43=$BN$39,X43,IF(AA43=$BN$39,AF43,IF(AI43=$BN$39,AN43,IF(AQ43=$BN$39,AV43)))) -> 1.2322312 | BO43: =IF(S43=$BO$39,X43,IF(AA43=$BO$39,AF43,IF(AI43=$BO$39,AN43,IF(AQ43=$BO$39,AV43)))) -> FALSE | BP43: =IF(S43=$BP$39,X43,IF(AA43=$BP$39,AF43,IF(AI43=$BP$39,AN43,IF(AQ43=$BP$39,AV43)))) -> FALSE | BQ43: =IF(S43=$BQ$39,X43,IF(AA43=$BQ$39,AF43,IF(AI43=$BQ$39,AN43,IF(AQ43=$BQ$39,AV43)))) -> FALSE | BR43: =IF(S43=$BR$39,X43,IF(AA43=$BR$39,AF43,IF(AI43=$BR$39,AN43,IF(AQ43=$BR$39,AV43)))) -> FALSE
A44: Latex | B44: Latex Experto y Homologos | C44: L. Experto | D44: Galon | E44: - | F44: - | G44: Crema | H44: 248 | I44: 233 | J44: 192 | P44: Blanca | Q44: 128 | R44: =IF(P44=$A$32,$G$32,IF(P44=$A$33,$G$33,IF(P44=$A$34,$G$34,IF(P44=$A$35,$G$35)))) -> 0 | S44: OC | U44: 32.5 | V44: =(T44*48)+(U44) -> 32.5 | W44: =(V44/48) -> 0.67708333 | X44: =(W44/0.033814) -> 20.023757 | Y44: =(X44*0.03) -> 0.60071272 | Z44: =IF(S44="",0,VLOOKUP(S44,[1]!Costo_Twist,2,FALSE)*W44) -> 99.140041 | AA44: NE | AC44: 2 | AD44: =(AB44*48)+(AC44) -> 2 | AE44: =(AD44/48) -> 0.041666667 | AF44: =(AE44/0.033814) -> 1.2322312 | AG44: =(AF44*0.03) -> 0.036966937 | AH44: =IF(AA44="",0,VLOOKUP(AA44,[1]!Costo_Twist,2,FALSE)*AE44) -> 5.1735813 | AI44: RJ | AK44: 1.5 | AL44: =(AJ44*48)+(AK44) -> 1.5 | AM44: =(AL44/48) -> 0.03125 | AN44: =(AM44/0.033814) -> 0.92417342 | AO44: =(AN44*0.03) -> 0.027725203 | AP44: =IF(AI44="",0,VLOOKUP(AI44,[1]!Costo_Twist,2,FALSE)*AM44) -> 6.3750665 | AT44: =(AR44*48)+(AS44) -> 0 | AU44: =(AT44/48) -> 0 | AV44: =(AU44/0.033814) -> 0 | AW44: =(AV44*0.03) -> 0 | AX44: =IF(AQ44="",0,VLOOKUP(AQ44,[1]!Costo_Twist,2,FALSE)*AU44) -> 0 | AY44: =(Z44+AH44+AP44+AX44) -> 110.68869 | AZ44: =(W44+AE44+AM44+AU44) -> 0.75 | BA44: =(Q44+AZ44) -> 128.75 | BB44: =IF(BA44>=133,"sobrellenado","ok") -> ok | BC44: =IF((COUNTIF($AA44,$S44)+COUNTIF($AI44,$S44)+COUNTIF($AQ44,$S44)+COUNTIF($S44,$AA44)+COUNTIF($AI44,$AA44)+COUNTIF($AQ44,$AA44)+COUNTIF($S44,$AI44)+COUNTIF($AA44,$AI44)+COUNTIF($AQ44,$AI44)+COUNTIF($S44,$AQ44)+COUNTIF($AA44,$AQ44)+COUNTIF($AI44,$AQ44))>1,"Falla","ok") -> ok | BE44: =IF(S44=$BE$39,X44,IF(AA44=$BE$39,AF44,IF(AI44=$BE$39,AN44,IF(AQ44=$BE$39,AV44)))) -> FALSE | BF44: =IF(S44=$BF$39,X44,IF(AA44=$BF$39,AF44,IF(AI44=$BF$39,AN44,IF(AQ44=$BF$39,AV44)))) -> FALSE | BG44: =IF(S44=$BG$39,X44,IF(AA44=$BG$39,AF44,IF(AI44=$BG$39,AN44,IF(AQ44=$BG$39,AV44)))) -> FALSE | BH44: =IF(S44=$BH$39,X44,IF(AA44=$BH$39,AF44,IF(AI44=$BH$39,AN44,IF(AQ44=$BH$39,AV44)))) -> FALSE | BI44: =IF(S44=$BI$39,X44,IF(AA44=$BI$39,AF44,IF(AI44=$BI$39,AN44,IF(AQ44=$BI$39,AV44)))) -> FALSE | BJ44: =IF(S44=$BJ$39,X44,IF(AA44=$BJ$39,AF44,IF(AI44=$BJ$39,AN44,IF(AQ44=$BJ$39,AV44)))) -> FALSE | BK44: =IF(S44=$BK$39,X44,IF(AA44=$BK$39,AF44,IF(AI44=$BK$39,AN44,IF(AQ44=$BK$39,AV44)))) -> FALSE | BL44: =IF(S44=$BL$39,X44,IF(AA44=$BL$39,AF44,IF(AI44=$BL$39,AN44,IF(AQ44=$BL$39,AV44)))) -> 1.2322312 | BM44: =IF(S44=$BM$39,X44,IF(AA44=$BM$39,AF44,IF(AI44=$BM$39,AN44,IF(AQ44=$BM$39,AV44)))) -> 20.023757 | BN44: =IF(S44=$BN$39,X44,IF(AA44=$BN$39,AF44,IF(AI44=$BN$39,AN44,IF(AQ44=$BN$39,AV44)))) -> 0.92417342 | BO44: =IF(S44=$BO$39,X44,IF(AA44=$BO$39,AF44,IF(AI44=$BO$39,AN44,IF(AQ44=$BO$39,AV44)))) -> FALSE | BP44: =IF(S44=$BP$39,X44,IF(AA44=$BP$39,AF44,IF(AI44=$BP$39,AN44,IF(AQ44=$BP$39,AV44)))) -> FALSE | BQ44: =IF(S44=$BQ$39,X44,IF(AA44=$BQ$39,AF44,IF(AI44=$BQ$39,AN44,IF(AQ44=$BQ$39,AV44)))) -> FALSE | BR44: =IF(S44=$BR$39,X44,IF(AA44=$BR$39,AF44,IF(AI44=$BR$39,AN44,IF(AQ44=$BR$39,AV44)))) -> FALSE
A45: Latex | B45: Latex Experto y Homologos | C45: L. Experto | D45: Galon | E45: - | F45: - | G45: Celeste Cielo | H45: 198 | I45: 230 | J45: 245 | P45: Blanca | Q45: 128 | R45: =IF(P45=$A$32,$G$32,IF(P45=$A$33,$G$33,IF(P45=$A$34,$G$34,IF(P45=$A$35,$G$35)))) -> 0 | S45: NE | U45: 1 | V45: =(T45*48)+(U45) -> 1 | W45: =(V45/48) -> 0.020833333 | X45: =(W45/0.033814) -> 0.61611561 | Y45: =(X45*0.03) -> 0.018483468 | Z45: =IF(S45="",0,VLOOKUP(S45,[1]!Costo_Twist,2,FALSE)*W45) -> 2.5867907 | AA45: AZ | AC45: 8 | AD45: =(AB45*48)+(AC45) -> 8 | AE45: =(AD45/48) -> 0.16666667 | AF45: =(AE45/0.033814) -> 4.9289249 | AG45: =(AF45*0.03) -> 0.14786775 | AH45: =IF(AA45="",0,VLOOKUP(AA45,[1]!Costo_Twist,2,FALSE)*AE45) -> 21.819696 | AI45: CA | AK45: 0.5 | AL45: =(AJ45*48)+(AK45) -> 0.5 | AM45: =(AL45/48) -> 0.010416667 | AN45: =(AM45/0.033814) -> 0.30805781 | AO45: =(AN45*0.03) -> 0.0092417342 | AP45: =IF(AI45="",0,VLOOKUP(AI45,[1]!Costo_Twist,2,FALSE)*AM45) -> 0.70680673 | AT45: =(AR45*48)+(AS45) -> 0 | AU45: =(AT45/48) -> 0 | AV45: =(AU45/0.033814) -> 0 | AW45: =(AV45*0.03) -> 0 | AX45: =IF(AQ45="",0,VLOOKUP(AQ45,[1]!Costo_Twist,2,FALSE)*AU45) -> 0 | AY45: =(Z45+AH45+AP45+AX45) -> 25.113294 | AZ45: =(W45+AE45+AM45+AU45) -> 0.19791667 | BA45: =(Q45+AZ45) -> 128.19792 | BB45: =IF(BA45>=133,"sobrellenado","ok") -> ok | BC45: =IF((COUNTIF($AA45,$S45)+COUNTIF($AI45,$S45)+COUNTIF($AQ45,$S45)+COUNTIF($S45,$AA45)+COUNTIF($AI45,$AA45)+COUNTIF($AQ45,$AA45)+COUNTIF($S45,$AI45)+COUNTIF($AA45,$AI45)+COUNTIF($AQ45,$AI45)+COUNTIF($S45,$AQ45)+COUNTIF($AA45,$AQ45)+COUNTIF($AI45,$AQ45))>1,"Falla","ok") -> ok | BE45: =IF(S45=$BE$39,X45,IF(AA45=$BE$39,AF45,IF(AI45=$BE$39,AN45,IF(AQ45=$BE$39,AV45)))) -> FALSE | BF45: =IF(S45=$BF$39,X45,IF(AA45=$BF$39,AF45,IF(AI45=$BF$39,AN45,IF(AQ45=$BF$39,AV45)))) -> FALSE | BG45: =IF(S45=$BG$39,X45,IF(AA45=$BG$39,AF45,IF(AI45=$BG$39,AN45,IF(AQ45=$BG$39,AV45)))) -> FALSE | BH45: =IF(S45=$BH$39,X45,IF(AA45=$BH$39,AF45,IF(AI45=$BH$39,AN45,IF(AQ45=$BH$39,AV45)))) -> 4.9289249 | BI45: =IF(S45=$BI$39,X45,IF(AA45=$BI$39,AF45,IF(AI45=$BI$39,AN45,IF(AQ45=$BI$39,AV45)))) -> FALSE | BJ45: =IF(S45=$BJ$39,X45,IF(AA45=$BJ$39,AF45,IF(AI45=$BJ$39,AN45,IF(AQ45=$BJ$39,AV45)))) -> 0.30805781 | BK45: =IF(S45=$BK$39,X45,IF(AA45=$BK$39,AF45,IF(AI45=$BK$39,AN45,IF(AQ45=$BK$39,AV45)))) -> FALSE | BL45: =IF(S45=$BL$39,X45,IF(AA45=$BL$39,AF45,IF(AI45=$BL$39,AN45,IF(AQ45=$BL$39,AV45)))) -> 0.61611561 | BM45: =IF(S45=$BM$39,X45,IF(AA45=$BM$39,AF45,IF(AI45=$BM$39,AN45,IF(AQ45=$BM$39,AV45)))) -> FALSE | BN45: =IF(S45=$BN$39,X45,IF(AA45=$BN$39,AF45,IF(AI45=$BN$39,AN45,IF(AQ45=$BN$39,AV45)))) -> FALSE | BO45: =IF(S45=$BO$39,X45,IF(AA45=$BO$39,AF45,IF(AI45=$BO$39,AN45,IF(AQ45=$BO$39,AV45)))) -> FALSE | BP45: =IF(S45=$BP$39,X45,IF(AA45=$BP$39,AF45,IF(AI45=$BP$39,AN45,IF(AQ45=$BP$39,AV45)))) -> FALSE | BQ45: =IF(S45=$BQ$39,X45,IF(AA45=$BQ$39,AF45,IF(AI45=$BQ$39,AN45,IF(AQ45=$BQ$39,AV45)))) -> FALSE | BR45: =IF(S45=$BR$39,X45,IF(AA45=$BR$39,AF45,IF(AI45=$BR$39,AN45,IF(AQ45=$BR$39,AV45)))) -> FALSE
A46: Latex | B46: Latex Experto y Homologos | C46: L. Experto | D46: Galon | E46: - | F46: - | G46: Blanco Invierno | H46: 239 | I46: 242 | J46: 235 | P46: Blanca | Q46: 128 | R46: =IF(P46=$A$32,$G$32,IF(P46=$A$33,$G$33,IF(P46=$A$34,$G$34,IF(P46=$A$35,$G$35)))) -> 0 | S46: NE | U46: 3 | V46: =(T46*48)+(U46) -> 3 | W46: =(V46/48) -> 0.0625 | X46: =(W46/0.033814) -> 1.8483468 | Y46: =(X46*0.03) -> 0.055450405 | Z46: =IF(S46="",0,VLOOKUP(S46,[1]!Costo_Twist,2,FALSE)*W46) -> 7.760372 | AA46: CA | AC46: 4 | AD46: =(AB46*48)+(AC46) -> 4 | AE46: =(AD46/48) -> 0.083333333 | AF46: =(AE46/0.033814) -> 2.4644625 | AG46: =(AF46*0.03) -> 0.073933874 | AH46: =IF(AA46="",0,VLOOKUP(AA46,[1]!Costo_Twist,2,FALSE)*AE46) -> 5.6544539 | AL46: =(AJ46*48)+(AK46) -> 0 | AM46: =(AL46/48) -> 0 | AN46: =(AM46/0.033814) -> 0 | AO46: =(AN46*0.03) -> 0 | AP46: =IF(AI46="",0,VLOOKUP(AI46,[1]!Costo_Twist,2,FALSE)*AM46) -> 0 | AT46: =(AR46*48)+(AS46) -> 0 | AU46: =(AT46/48) -> 0 | AV46: =(AU46/0.033814) -> 0 | AW46: =(AV46*0.03) -> 0 | AX46: =IF(AQ46="",0,VLOOKUP(AQ46,[1]!Costo_Twist,2,FALSE)*AU46) -> 0 | AY46: =(Z46+AH46+AP46+AX46) -> 13.414826 | AZ46: =(W46+AE46+AM46+AU46) -> 0.14583333 | BA46: =(Q46+AZ46) -> 128.14583 | BB46: =IF(BA46>=133,"sobrellenado","ok") -> ok | BC46: =IF((COUNTIF($AA46,$S46)+COUNTIF($AI46,$S46)+COUNTIF($AQ46,$S46)+COUNTIF($S46,$AA46)+COUNTIF($AI46,$AA46)+COUNTIF($AQ46,$AA46)+COUNTIF($S46,$AI46)+COUNTIF($AA46,$AI46)+COUNTIF($AQ46,$AI46)+COUNTIF($S46,$AQ46)+COUNTIF($AA46,$AQ46)+COUNTIF($AI46,$AQ46))>1,"Falla","ok") -> ok | BE46: =IF(S46=$BE$39,X46,IF(AA46=$BE$39,AF46,IF(AI46=$BE$39,AN46,IF(AQ46=$BE$39,AV46)))) -> FALSE | BF46: =IF(S46=$BF$39,X46,IF(AA46=$BF$39,AF46,IF(AI46=$BF$39,AN46,IF(AQ46=$BF$39,AV46)))) -> FALSE | BG46: =IF(S46=$BG$39,X46,IF(AA46=$BG$39,AF46,IF(AI46=$BG$39,AN46,IF(AQ46=$BG$39,AV46)))) -> FALSE | BH46: =IF(S46=$BH$39,X46,IF(AA46=$BH$39,AF46,IF(AI46=$BH$39,AN46,IF(AQ46=$BH$39,AV46)))) -> FALSE | BI46: =IF(S46=$BI$39,X46,IF(AA46=$BI$39,AF46,IF(AI46=$BI$39,AN46,IF(AQ46=$BI$39,AV46)))) -> FALSE | BJ46: =IF(S46=$BJ$39,X46,IF(AA46=$BJ$39,AF46,IF(AI46=$BJ$39,AN46,IF(AQ46=$BJ$39,AV46)))) -> 2.4644625 | BK46: =IF(S46=$BK$39,X46,IF(AA46=$BK$39,AF46,IF(AI46=$BK$39,AN46,IF(AQ46=$BK$39,AV46)))) -> FALSE | BL46: =IF(S46=$BL$39,X46,IF(AA46=$BL$39,AF46,IF(AI46=$BL$39,AN46,IF(AQ46=$BL$39,AV46)))) -> 1.8483468 | BM46: =IF(S46=$BM$39,X46,IF(AA46=$BM$39,AF46,IF(AI46=$BM$39,AN46,IF(AQ46=$BM$39,AV46)))) -> FALSE | BN46: =IF(S46=$BN$39,X46,IF(AA46=$BN$39,AF46,IF(AI46=$BN$39,AN46,IF(AQ46=$BN$39,AV46)))) -> FALSE | BO46: =IF(S46=$BO$39,X46,IF(AA46=$BO$39,AF46,IF(AI46=$BO$39,AN46,IF(AQ46=$BO$39,AV46)))) -> FALSE | BP46: =IF(S46=$BP$39,X46,IF(AA46=$BP$39,AF46,IF(AI46=$BP$39,AN46,IF(AQ46=$BP$39,AV46)))) -> FALSE | BQ46: =IF(S46=$BQ$39,X46,IF(AA46=$BQ$39,AF46,IF(AI46=$BQ$39,AN46,IF(AQ46=$BQ$39,AV46)))) -> FALSE | BR46: =IF(S46=$BR$39,X46,IF(AA46=$BR$39,AF46,IF(AI46=$BR$39,AN46,IF(AQ46=$BR$39,AV46)))) -> FALSE
A47: Latex | B47: Latex Experto y Homologos | C47: L. Experto | D47: Galon | E47: - | F47: - | G47: Rojo Colonial N | H47: 185 | I47: 79 | J47: 66 | P47: Intensa | Q47: 120 | R47: =IF(P47=$A$32,$G$32,IF(P47=$A$33,$G$33,IF(P47=$A$34,$G$34,IF(P47=$A$35,$G$35)))) -> 0 | S47: RO | U47: 200.5 | V47: =(T47*48)+(U47) -> 200.5 | W47: =(V47/48) -> 4.1770833 | X47: =(W47/0.033814) -> 123.53118 | Y47: =(X47*0.03) -> 3.7059354 | Z47: =IF(S47="",0,VLOOKUP(S47,[1]!Costo_Twist,2,FALSE)*W47) -> 1047.0908 | AA47: MA | AC47: 122.5 | AD47: =(AB47*48)+(AC47) -> 122.5 | AE47: =(AD47/48) -> 2.5520833 | AF47: =(AE47/0.033814) -> 75.474163 | AG47: =(AF47*0.03) -> 2.2642249 | AH47: =IF(AA47="",0,VLOOKUP(AA47,[1]!Costo_Twist,2,FALSE)*AE47) -> 741.38485 | AI47: NE | AK47: 23.5 | AL47: =(AJ47*48)+(AK47) -> 23.5 | AM47: =(AL47/48) -> 0.48958333 | AN47: =(AM47/0.033814) -> 14.478717 | AO47: =(AN47*0.03) -> 0.43436151 | AP47: =IF(AI47="",0,VLOOKUP(AI47,[1]!Costo_Twist,2,FALSE)*AM47) -> 60.789581 | AT47: =(AR47*48)+(AS47) -> 0 | AU47: =(AT47/48) -> 0 | AV47: =(AU47/0.033814) -> 0 | AW47: =(AV47*0.03) -> 0 | AX47: =IF(AQ47="",0,VLOOKUP(AQ47,[1]!Costo_Twist,2,FALSE)*AU47) -> 0 | AY47: =(Z47+AH47+AP47+AX47) -> 1849.2652 | AZ47: =(W47+AE47+AM47+AU47) -> 7.21875 | BA47: =(Q47+AZ47) -> 127.21875 | BB47: =IF(BA47>=133,"sobrellenado","ok") -> ok | BC47: =IF((COUNTIF($AA47,$S47)+COUNTIF($AI47,$S47)+COUNTIF($AQ47,$S47)+COUNTIF($S47,$AA47)+COUNTIF($AI47,$AA47)+COUNTIF($AQ47,$AA47)+COUNTIF($S47,$AI47)+COUNTIF($AA47,$AI47)+COUNTIF($AQ47,$AI47)+COUNTIF($S47,$AQ47)+COUNTIF($AA47,$AQ47)+COUNTIF($AI47,$AQ47))>1,"Falla","ok") -> ok | BE47: =IF(S47=$BE$39,X47,IF(AA47=$BE$39,AF47,IF(AI47=$BE$39,AN47,IF(AQ47=$BE$39,AV47)))) -> FALSE | BF47: =IF(S47=$BF$39,X47,IF(AA47=$BF$39,AF47,IF(AI47=$BF$39,AN47,IF(AQ47=$BF$39,AV47)))) -> FALSE | BG47: =IF(S47=$BG$39,X47,IF(AA47=$BG$39,AF47,IF(AI47=$BG$39,AN47,IF(AQ47=$BG$39,AV47)))) -> FALSE | BH47: =IF(S47=$BH$39,X47,IF(AA47=$BH$39,AF47,IF(AI47=$BH$39,AN47,IF(AQ47=$BH$39,AV47)))) -> FALSE | BI47: =IF(S47=$BI$39,X47,IF(AA47=$BI$39,AF47,IF(AI47=$BI$39,AN47,IF(AQ47=$BI$39,AV47)))) -> FALSE | BJ47: =IF(S47=$BJ$39,X47,IF(AA47=$BJ$39,AF47,IF(AI47=$BJ$39,AN47,IF(AQ47=$BJ$39,AV47)))) -> FALSE | BK47: =IF(S47=$BK$39,X47,IF(AA47=$BK$39,AF47,IF(AI47=$BK$39,AN47,IF(AQ47=$BK$39,AV47)))) -> 75.474163 | BL47: =IF(S47=$BL$39,X47,IF(AA47=$BL$39,AF47,IF(AI47=$BL$39,AN47,IF(AQ47=$BL$39,AV47)))) -> 14.478717 | BM47: =IF(S47=$BM$39,X47,IF(AA47=$BM$39,AF47,IF(AI47=$BM$39,AN47,IF(AQ47=$BM$39,AV47)))) -> FALSE | BN47: =IF(S47=$BN$39,X47,IF(AA47=$BN$39,AF47,IF(AI47=$BN$39,AN47,IF(AQ47=$BN$39,AV47)))) -> FALSE | BO47: =IF(S47=$BO$39,X47,IF(AA47=$BO$39,AF47,IF(AI47=$BO$39,AN47,IF(AQ47=$BO$39,AV47)))) -> 123.53118 | BP47: =IF(S47=$BP$39,X47,IF(AA47=$BP$39,AF47,IF(AI47=$BP$39,AN47,IF(AQ47=$BP$39,AV47)))) -> FALSE | BQ47: =IF(S47=$BQ$39,X47,IF(AA47=$BQ$39,AF47,IF(AI47=$BQ$39,AN47,IF(AQ47=$BQ$39,AV47)))) -> FALSE | BR47: =IF(S47=$BR$39,X47,IF(AA47=$BR$39,AF47,IF(AI47=$BR$39,AN47,IF(AQ47=$BR$39,AV47)))) -> FALSE
A48: Latex | B48: Latex Experto y Homologos | C48: L. Experto | D48: Galon | E48: - | F48: - | G48: Marfil Oriental | H48: 253 | I48: 247 | J48: 225 | P48: Blanca | Q48: 128 | R48: =IF(P48=$A$32,$G$32,IF(P48=$A$33,$G$33,IF(P48=$A$34,$G$34,IF(P48=$A$35,$G$35)))) -> 0 | S48: CA | U48: 0.5 | V48: =(T48*48)+(U48) -> 0.5 | W48: =(V48/48) -> 0.010416667 | X48: =(W48/0.033814) -> 0.30805781 | Y48: =(X48*0.03) -> 0.0092417342 | Z48: =IF(S48="",0,VLOOKUP(S48,[1]!Costo_Twist,2,FALSE)*W48) -> 0.70680673 | AA48: MA | AC48: 0.5 | AD48: =(AB48*48)+(AC48) -> 0.5 | AE48: =(AD48/48) -> 0.010416667 | AF48: =(AE48/0.033814) -> 0.30805781 | AG48: =(AF48*0.03) -> 0.0092417342 | AH48: =IF(AA48="",0,VLOOKUP(AA48,[1]!Costo_Twist,2,FALSE)*AE48) -> 3.0260606 | AI48: OC | AK48: 5 | AL48: =(AJ48*48)+(AK48) -> 5 | AM48: =(AL48/48) -> 0.10416667 | AN48: =(AM48/0.033814) -> 3.0805781 | AO48: =(AN48*0.03) -> 0.092417342 | AP48: =IF(AI48="",0,VLOOKUP(AI48,[1]!Costo_Twist,2,FALSE)*AM48) -> 15.252314 | AT48: =(AR48*48)+(AS48) -> 0 | AU48: =(AT48/48) -> 0 | AV48: =(AU48/0.033814) -> 0 | AW48: =(AV48*0.03) -> 0 | AX48: =IF(AQ48="",0,VLOOKUP(AQ48,[1]!Costo_Twist,2,FALSE)*AU48) -> 0 | AY48: =(Z48+AH48+AP48+AX48) -> 18.985181 | AZ48: =(W48+AE48+AM48+AU48) -> 0.125 | BA48: =(Q48+AZ48) -> 128.125 | BB48: =IF(BA48>=133,"sobrellenado","ok") -> ok | BC48: =IF((COUNTIF($AA48,$S48)+COUNTIF($AI48,$S48)+COUNTIF($AQ48,$S48)+COUNTIF($S48,$AA48)+COUNTIF($AI48,$AA48)+COUNTIF($AQ48,$AA48)+COUNTIF($S48,$AI48)+COUNTIF($AA48,$AI48)+COUNTIF($AQ48,$AI48)+COUNTIF($S48,$AQ48)+COUNTIF($AA48,$AQ48)+COUNTIF($AI48,$AQ48))>1,"Falla","ok") -> ok | BE48: =IF(S48=$BE$39,X48,IF(AA48=$BE$39,AF48,IF(AI48=$BE$39,AN48,IF(AQ48=$BE$39,AV48)))) -> FALSE | BF48: =IF(S48=$BF$39,X48,IF(AA48=$BF$39,AF48,IF(AI48=$BF$39,AN48,IF(AQ48=$BF$39,AV48)))) -> FALSE | BG48: =IF(S48=$BG$39,X48,IF(AA48=$BG$39,AF48,IF(AI48=$BG$39,AN48,IF(AQ48=$BG$39,AV48)))) -> FALSE | BH48: =IF(S48=$BH$39,X48,IF(AA48=$BH$39,AF48,IF(AI48=$BH$39,AN48,IF(AQ48=$BH$39,AV48)))) -> FALSE | BI48: =IF(S48=$BI$39,X48,IF(AA48=$BI$39,AF48,IF(AI48=$BI$39,AN48,IF(AQ48=$BI$39,AV48)))) -> FALSE | BJ48: =IF(S48=$BJ$39,X48,IF(AA48=$BJ$39,AF48,IF(AI48=$BJ$39,AN48,IF(AQ48=$BJ$39,AV48)))) -> 0.30805781 | BK48: =IF(S48=$BK$39,X48,IF(AA48=$BK$39,AF48,IF(AI48=$BK$39,AN48,IF(AQ48=$BK$39,AV48)))) -> 0.30805781 | BL48: =IF(S48=$BL$39,X48,IF(AA48=$BL$39,AF48,IF(AI48=$BL$39,AN48,IF(AQ48=$BL$39,AV48)))) -> FALSE | BM48: =IF(S48=$BM$39,X48,IF(AA48=$BM$39,AF48,IF(AI48=$BM$39,AN48,IF(AQ48=$BM$39,AV48)))) -> 3.0805781 | BN48: =IF(S48=$BN$39,X48,IF(AA48=$BN$39,AF48,IF(AI48=$BN$39,AN48,IF(AQ48=$BN$39,AV48)))) -> FALSE | BO48: =IF(S48=$BO$39,X48,IF(AA48=$BO$39,AF48,IF(AI48=$BO$39,AN48,IF(AQ48=$BO$39,AV48)))) -> FALSE | BP48: =IF(S48=$BP$39,X48,IF(AA48=$BP$39,AF48,IF(AI48=$BP$39,AN48,IF(AQ48=$BP$39,AV48)))) -> FALSE | BQ48: =IF(S48=$BQ$39,X48,IF(AA48=$BQ$39,AF48,IF(AI48=$BQ$39,AN48,IF(AQ48=$BQ$39,AV48)))) -> FALSE | BR48: =IF(S48=$BR$39,X48,IF(AA48=$BR$39,AF48,IF(AI48=$BR$39,AN48,IF(AQ48=$BR$39,AV48)))) -> FALSE
A49: Latex | B49: Latex Experto y Homologos | C49: L. Experto | D49: Galon | E49: - | F49: - | G49: Verde Pistacho | H49: 212 | I49: 219 | J49: 115 | P49: Intensa | Q49: 120 | R49: =IF(P49=$A$32,$G$32,IF(P49=$A$33,$G$33,IF(P49=$A$34,$G$34,IF(P49=$A$35,$G$35)))) -> 0 | S49: AV | U49: 153.5 | V49: =(T49*48)+(U49) -> 153.5 | W49: =(V49/48) -> 3.1979167 | X49: =(W49/0.033814) -> 94.573747 | Y49: =(X49*0.03) -> 2.8372124 | Z49: =IF(S49="",0,VLOOKUP(S49,[1]!Costo_Twist,2,FALSE)*W49) -> 588.11708 | AA49: VE | AC49: 2.5 | AD49: =(AB49*48)+(AC49) -> 2.5 | AE49: =(AD49/48) -> 0.052083333 | AF49: =(AE49/0.033814) -> 1.540289 | AG49: =(AF49*0.03) -> 0.046208671 | AH49: =IF(AA49="",0,VLOOKUP(AA49,[1]!Costo_Twist,2,FALSE)*AE49) -> 6.2248031 | AI49: NE | AK49: 6 | AL49: =(AJ49*48)+(AK49) -> 6 | AM49: =(AL49/48) -> 0.125 | AN49: =(AM49/0.033814) -> 3.6966937 | AO49: =(AN49*0.03) -> 0.11090081 | AP49: =IF(AI49="",0,VLOOKUP(AI49,[1]!Costo_Twist,2,FALSE)*AM49) -> 15.520744 | AT49: =(AR49*48)+(AS49) -> 0 | AU49: =(AT49/48) -> 0 | AV49: =(AU49/0.033814) -> 0 | AW49: =(AV49*0.03) -> 0 | AX49: =IF(AQ49="",0,VLOOKUP(AQ49,[1]!Costo_Twist,2,FALSE)*AU49) -> 0 | AY49: =(Z49+AH49+AP49+AX49) -> 609.86263 | AZ49: =(W49+AE49+AM49+AU49) -> 3.375 | BA49: =(Q49+AZ49) -> 123.375 | BB49: =IF(BA49>=133,"sobrellenado","ok") -> ok | BC49: =IF((COUNTIF($AA49,$S49)+COUNTIF($AI49,$S49)+COUNTIF($AQ49,$S49)+COUNTIF($S49,$AA49)+COUNTIF($AI49,$AA49)+COUNTIF($AQ49,$AA49)+COUNTIF($S49,$AI49)+COUNTIF($AA49,$AI49)+COUNTIF($AQ49,$AI49)+COUNTIF($S49,$AQ49)+COUNTIF($AA49,$AQ49)+COUNTIF($AI49,$AQ49))>1,"Falla","ok") -> ok | BE49: =IF(S49=$BE$39,X49,IF(AA49=$BE$39,AF49,IF(AI49=$BE$39,AN49,IF(AQ49=$BE$39,AV49)))) -> FALSE | BF49: =IF(S49=$BF$39,X49,IF(AA49=$BF$39,AF49,IF(AI49=$BF$39,AN49,IF(AQ49=$BF$39,AV49)))) -> FALSE | BG49: =IF(S49=$BG$39,X49,IF(AA49=$BG$39,AF49,IF(AI49=$BG$39,AN49,IF(AQ49=$BG$39,AV49)))) -> 94.573747 | BH49: =IF(S49=$BH$39,X49,IF(AA49=$BH$39,AF49,IF(AI49=$BH$39,AN49,IF(AQ49=$BH$39,AV49)))) -> FALSE | BI49: =IF(S49=$BI$39,X49,IF(AA49=$BI$39,AF49,IF(AI49=$BI$39,AN49,IF(AQ49=$BI$39,AV49)))) -> FALSE | BJ49: =IF(S49=$BJ$39,X49,IF(AA49=$BJ$39,AF49,IF(AI49=$BJ$39,AN49,IF(AQ49=$BJ$39,AV49)))) -> FALSE | BK49: =IF(S49=$BK$39,X49,IF(AA49=$BK$39,AF49,IF(AI49=$BK$39,AN49,IF(AQ49=$BK$39,AV49)))) -> FALSE | BL49: =IF(S49=$BL$39,X49,IF(AA49=$BL$39,AF49,IF(AI49=$BL$39,AN49,IF(AQ49=$BL$39,AV49)))) -> 3.6966937 | BM49: =IF(S49=$BM$39,X49,IF(AA49=$BM$39,AF49,IF(AI49=$BM$39,AN49,IF(AQ49=$BM$39,AV49)))) -> FALSE | BN49: =IF(S49=$BN$39,X49,IF(AA49=$BN$39,AF49,IF(AI49=$BN$39,AN49,IF(AQ49=$BN$39,AV49)))) -> FALSE | BO49: =IF(S49=$BO$39,X49,IF(AA49=$BO$39,AF49,IF(AI49=$BO$39,AN49,IF(AQ49=$BO$39,AV49)))) -> FALSE | BP49: =IF(S49=$BP$39,X49,IF(AA49=$BP$39,AF49,IF(AI49=$BP$39,AN49,IF(AQ49=$BP$39,AV49)))) -> FALSE | BQ49: =IF(S49=$BQ$39,X49,IF(AA49=$BQ$39,AF49,IF(AI49=$BQ$39,AN49,IF(AQ49=$BQ$39,AV49)))) -> 1.540289 | BR49: =IF(S49=$BR$39,X49,IF(AA49=$BR$39,AF49,IF(AI49=$BR$39,AN49,IF(AQ49=$BR$39,AV49)))) -> FALSE
A50: Latex | B50: Latex Experto y Homologos | C50: L. Experto | D50: Galon | E50: - | F50: - | G50: Verde Musgo | H50: 127 | I50: 142 | J50: 99 | P50: Intensa | Q50: 120 | R50: =IF(P50=$A$32,$G$32,IF(P50=$A$33,$G$33,IF(P50=$A$34,$G$34,IF(P50=$A$35,$G$35)))) -> 0 | S50: OC | U50: 145 | V50: =(T50*48)+(U50) -> 145 | W50: =(V50/48) -> 3.0208333 | X50: =(W50/0.033814) -> 89.336764 | Y50: =(X50*0.03) -> 2.6801029 | Z50: =IF(S50="",0,VLOOKUP(S50,[1]!Costo_Twist,2,FALSE)*W50) -> 442.3171 | AA50: NE | AC50: 58 | AD50: =(AB50*48)+(AC50) -> 58 | AE50: =(AD50/48) -> 1.2083333 | AF50: =(AE50/0.033814) -> 35.734706 | AG50: =(AF50*0.03) -> 1.0720412 | AH50: =IF(AA50="",0,VLOOKUP(AA50,[1]!Costo_Twist,2,FALSE)*AE50) -> 150.03386 | AI50: VE | AK50: 35.5 | AL50: =(AJ50*48)+(AK50) -> 35.5 | AM50: =(AL50/48) -> 0.73958333 | AN50: =(AM50/0.033814) -> 21.872104 | AO50: =(AN50*0.03) -> 0.65616313 | AP50: =IF(AI50="",0,VLOOKUP(AI50,[1]!Costo_Twist,2,FALSE)*AM50) -> 88.392204 | AT50: =(AR50*48)+(AS50) -> 0 | AU50: =(AT50/48) -> 0 | AV50: =(AU50/0.033814) -> 0 | AW50: =(AV50*0.03) -> 0 | AX50: =IF(AQ50="",0,VLOOKUP(AQ50,[1]!Costo_Twist,2,FALSE)*AU50) -> 0 | AY50: =(Z50+AH50+AP50+AX50) -> 680.74317 | AZ50: =(W50+AE50+AM50+AU50) -> 4.96875 | BA50: =(Q50+AZ50) -> 124.96875 | BB50: =IF(BA50>=133,"sobrellenado","ok") -> ok | BC50: =IF((COUNTIF($AA50,$S50)+COUNTIF($AI50,$S50)+COUNTIF($AQ50,$S50)+COUNTIF($S50,$AA50)+COUNTIF($AI50,$AA50)+COUNTIF($AQ50,$AA50)+COUNTIF($S50,$AI50)+COUNTIF($AA50,$AI50)+COUNTIF($AQ50,$AI50)+COUNTIF($S50,$AQ50)+COUNTIF($AA50,$AQ50)+COUNTIF($AI50,$AQ50))>1,"Falla","ok") -> ok | BE50: =IF(S50=$BE$39,X50,IF(AA50=$BE$39,AF50,IF(AI50=$BE$39,AN50,IF(AQ50=$BE$39,AV50)))) -> FALSE | BF50: =IF(S50=$BF$39,X50,IF(AA50=$BF$39,AF50,IF(AI50=$BF$39,AN50,IF(AQ50=$BF$39,AV50)))) -> FALSE | BG50: =IF(S50=$BG$39,X50,IF(AA50=$BG$39,AF50,IF(AI50=$BG$39,AN50,IF(AQ50=$BG$39,AV50)))) -> FALSE | BH50: =IF(S50=$BH$39,X50,IF(AA50=$BH$39,AF50,IF(AI50=$BH$39,AN50,IF(AQ50=$BH$39,AV50)))) -> FALSE | BI50: =IF(S50=$BI$39,X50,IF(AA50=$BI$39,AF50,IF(AI50=$BI$39,AN50,IF(AQ50=$BI$39,AV50)))) -> FALSE | BJ50: =IF(S50=$BJ$39,X50,IF(AA50=$BJ$39,AF50,IF(AI50=$BJ$39,AN50,IF(AQ50=$BJ$39,AV50)))) -> FALSE | BK50: =IF(S50=$BK$39,X50,IF(AA50=$BK$39,AF50,IF(AI50=$BK$39,AN50,IF(AQ50=$BK$39,AV50)))) -> FALSE | BL50: =IF(S50=$BL$39,X50,IF(AA50=$BL$39,AF50,IF(AI50=$BL$39,AN50,IF(AQ50=$BL$39,AV50)))) -> 35.734706 | BM50: =IF(S50=$BM$39,X50,IF(AA50=$BM$39,AF50,IF(AI50=$BM$39,AN50,IF(AQ50=$BM$39,AV50)))) -> 89.336764 | BN50: =IF(S50=$BN$39,X50,IF(AA50=$BN$39,AF50,IF(AI50=$BN$39,AN50,IF(AQ50=$BN$39,AV50)))) -> FALSE | BO50: =IF(S50=$BO$39,X50,IF(AA50=$BO$39,AF50,IF(AI50=$BO$39,AN50,IF(AQ50=$BO$39,AV50)))) -> FALSE | BP50: =IF(S50=$BP$39,X50,IF(AA50=$BP$39,AF50,IF(AI50=$BP$39,AN50,IF(AQ50=$BP$39,AV50)))) -> FALSE | BQ50: =IF(S50=$BQ$39,X50,IF(AA50=$BQ$39,AF50,IF(AI50=$BQ$39,AN50,IF(AQ50=$BQ$39,AV50)))) -> 21.872104 | BR50: =IF(S50=$BR$39,X50,IF(AA50=$BR$39,AF50,IF(AI50=$BR$39,AN50,IF(AQ50=$BR$39,AV50)))) -> FALSE
A51: Latex | B51: Latex Experto y Homologos | C51: L. Experto | D51: Galon | E51: - | F51: - | G51: Rosa Viejo | H51: 237 | I51: 201 | J51: 205 | P51: Media | Q51: 124 | R51: =IF(P51=$A$32,$G$32,IF(P51=$A$33,$G$33,IF(P51=$A$34,$G$34,IF(P51=$A$35,$G$35)))) -> 0 | S51: MA | U51: 11.5 | V51: =(T51*48)+(U51) -> 11.5 | W51: =(V51/48) -> 0.23958333 | X51: =(W51/0.033814) -> 7.0853295 | Y51: =(X51*0.03) -> 0.21255989 | Z51: =IF(S51="",0,VLOOKUP(S51,[1]!Costo_Twist,2,FALSE)*W51) -> 69.599394 | AA51: NE | AC51: 6.5 | AD51: =(AB51*48)+(AC51) -> 6.5 | AE51: =(AD51/48) -> 0.13541667 | AF51: =(AE51/0.033814) -> 4.0047515 | AG51: =(AF51*0.03) -> 0.12014254 | AH51: =IF(AA51="",0,VLOOKUP(AA51,[1]!Costo_Twist,2,FALSE)*AE51) -> 16.814139 | AI51: RO | AK51: 5 | AL51: =(AJ51*48)+(AK51) -> 5 | AM51: =(AL51/48) -> 0.10416667 | AN51: =(AM51/0.033814) -> 3.0805781 | AO51: =(AN51*0.03) -> 0.092417342 | AP51: =IF(AI51="",0,VLOOKUP(AI51,[1]!Costo_Twist,2,FALSE)*AM51) -> 26.11199 | AT51: =(AR51*48)+(AS51) -> 0 | AU51: =(AT51/48) -> 0 | AV51: =(AU51/0.033814) -> 0 | AW51: =(AV51*0.03) -> 0 | AX51: =IF(AQ51="",0,VLOOKUP(AQ51,[1]!Costo_Twist,2,FALSE)*AU51) -> 0 | AY51: =(Z51+AH51+AP51+AX51) -> 112.52552 | AZ51: =(W51+AE51+AM51+AU51) -> 0.47916667 | BA51: =(Q51+AZ51) -> 124.47917 | BB51: =IF(BA51>=133,"sobrellenado","ok") -> ok | BC51: =IF((COUNTIF($AA51,$S51)+COUNTIF($AI51,$S51)+COUNTIF($AQ51,$S51)+COUNTIF($S51,$AA51)+COUNTIF($AI51,$AA51)+COUNTIF($AQ51,$AA51)+COUNTIF($S51,$AI51)+COUNTIF($AA51,$AI51)+COUNTIF($AQ51,$AI51)+COUNTIF($S51,$AQ51)+COUNTIF($AA51,$AQ51)+COUNTIF($AI51,$AQ51))>1,"Falla","ok") -> ok | BE51: =IF(S51=$BE$39,X51,IF(AA51=$BE$39,AF51,IF(AI51=$BE$39,AN51,IF(AQ51=$BE$39,AV51)))) -> FALSE | BF51: =IF(S51=$BF$39,X51,IF(AA51=$BF$39,AF51,IF(AI51=$BF$39,AN51,IF(AQ51=$BF$39,AV51)))) -> FALSE | BG51: =IF(S51=$BG$39,X51,IF(AA51=$BG$39,AF51,IF(AI51=$BG$39,AN51,IF(AQ51=$BG$39,AV51)))) -> FALSE | BH51: =IF(S51=$BH$39,X51,IF(AA51=$BH$39,AF51,IF(AI51=$BH$39,AN51,IF(AQ51=$BH$39,AV51)))) -> FALSE | BI51: =IF(S51=$BI$39,X51,IF(AA51=$BI$39,AF51,IF(AI51=$BI$39,AN51,IF(AQ51=$BI$39,AV51)))) -> FALSE | BJ51: =IF(S51=$BJ$39,X51,IF(AA51=$BJ$39,AF51,IF(AI51=$BJ$39,AN51,IF(AQ51=$BJ$39,AV51)))) -> FALSE | BK51: =IF(S51=$BK$39,X51,IF(AA51=$BK$39,AF51,IF(AI51=$BK$39,AN51,IF(AQ51=$BK$39,AV51)))) -> 7.0853295 | BL51: =IF(S51=$BL$39,X51,IF(AA51=$BL$39,AF51,IF(AI51=$BL$39,AN51,IF(AQ51=$BL$39,AV51)))) -> 4.0047515 | BM51: =IF(S51=$BM$39,X51,IF(AA51=$BM$39,AF51,IF(AI51=$BM$39,AN51,IF(AQ51=$BM$39,AV51)))) -> FALSE | BN51: =IF(S51=$BN$39,X51,IF(AA51=$BN$39,AF51,IF(AI51=$BN$39,AN51,IF(AQ51=$BN$39,AV51)))) -> FALSE | BO51: =IF(S51=$BO$39,X51,IF(AA51=$BO$39,AF51,IF(AI51=$BO$39,AN51,IF(AQ51=$BO$39,AV51)))) -> 3.0805781 | BP51: =IF(S51=$BP$39,X51,IF(AA51=$BP$39,AF51,IF(AI51=$BP$39,AN51,IF(AQ51=$BP$39,AV51)))) -> FALSE | BQ51: =IF(S51=$BQ$39,X51,IF(AA51=$BQ$39,AF51,IF(AI51=$BQ$39,AN51,IF(AQ51=$BQ$39,AV51)))) -> FALSE | BR51: =IF(S51=$BR$39,X51,IF(AA51=$BR$39,AF51,IF(AI51=$BR$39,AN51,IF(AQ51=$BR$39,AV51)))) -> FALSE
A52: Latex | B52: Latex Experto y Homologos | C52: L. Experto | D52: Galon | E52: - | F52: - | G52: Azul Piedra | H52: 135 | I52: 163 | J52: 187 | P52: Intensa | Q52: 120 | R52: =IF(P52=$A$32,$G$32,IF(P52=$A$33,$G$33,IF(P52=$A$34,$G$34,IF(P52=$A$35,$G$35)))) -> 0 | S52: AZ | U52: 16.5 | V52: =(T52*48)+(U52) -> 16.5 | W52: =(V52/48) -> 0.34375 | X52: =(W52/0.033814) -> 10.165908 | Y52: =(X52*0.03) -> 0.30497723 | Z52: =IF(S52="",0,VLOOKUP(S52,[1]!Costo_Twist,2,FALSE)*W52) -> 45.003123 | AA52: MA | AC52: 6.5 | AD52: =(AB52*48)+(AC52) -> 6.5 | AE52: =(AD52/48) -> 0.13541667 | AF52: =(AE52/0.033814) -> 4.0047515 | AG52: =(AF52*0.03) -> 0.12014254 | AH52: =IF(AA52="",0,VLOOKUP(AA52,[1]!Costo_Twist,2,FALSE)*AE52) -> 39.338788 | AI52: NE | AK52: 29 | AL52: =(AJ52*48)+(AK52) -> 29 | AM52: =(AL52/48) -> 0.60416667 | AN52: =(AM52/0.033814) -> 17.867353 | AO52: =(AN52*0.03) -> 0.53602058 | AP52: =IF(AI52="",0,VLOOKUP(AI52,[1]!Costo_Twist,2,FALSE)*AM52) -> 75.016929 | AT52: =(AR52*48)+(AS52) -> 0 | AU52: =(AT52/48) -> 0 | AV52: =(AU52/0.033814) -> 0 | AW52: =(AV52*0.03) -> 0 | AX52: =IF(AQ52="",0,VLOOKUP(AQ52,[1]!Costo_Twist,2,FALSE)*AU52) -> 0 | AY52: =(Z52+AH52+AP52+AX52) -> 159.35884 | AZ52: =(W52+AE52+AM52+AU52) -> 1.0833333 | BA52: =(Q52+AZ52) -> 121.08333 | BB52: =IF(BA52>=133,"sobrellenado","ok") -> ok | BC52: =IF((COUNTIF($AA52,$S52)+COUNTIF($AI52,$S52)+COUNTIF($AQ52,$S52)+COUNTIF($S52,$AA52)+COUNTIF($AI52,$AA52)+COUNTIF($AQ52,$AA52)+COUNTIF($S52,$AI52)+COUNTIF($AA52,$AI52)+COUNTIF($AQ52,$AI52)+COUNTIF($S52,$AQ52)+COUNTIF($AA52,$AQ52)+COUNTIF($AI52,$AQ52))>1,"Falla","ok") -> ok | BE52: =IF(S52=$BE$39,X52,IF(AA52=$BE$39,AF52,IF(AI52=$BE$39,AN52,IF(AQ52=$BE$39,AV52)))) -> FALSE | BF52: =IF(S52=$BF$39,X52,IF(AA52=$BF$39,AF52,IF(AI52=$BF$39,AN52,IF(AQ52=$BF$39,AV52)))) -> FALSE | BG52: =IF(S52=$BG$39,X52,IF(AA52=$BG$39,AF52,IF(AI52=$BG$39,AN52,IF(AQ52=$BG$39,AV52)))) -> FALSE | BH52: =IF(S52=$BH$39,X52,IF(AA52=$BH$39,AF52,IF(AI52=$BH$39,AN52,IF(AQ52=$BH$39,AV52)))) -> 10.165908 | BI52: =IF(S52=$BI$39,X52,IF(AA52=$BI$39,AF52,IF(AI52=$BI$39,AN52,IF(AQ52=$BI$39,AV52)))) -> FALSE | BJ52: =IF(S52=$BJ$39,X52,IF(AA52=$BJ$39,AF52,IF(AI52=$BJ$39,AN52,IF(AQ52=$BJ$39,AV52)))) -> FALSE | BK52: =IF(S52=$BK$39,X52,IF(AA52=$BK$39,AF52,IF(AI52=$BK$39,AN52,IF(AQ52=$BK$39,AV52)))) -> 4.0047515 | BL52: =IF(S52=$BL$39,X52,IF(AA52=$BL$39,AF52,IF(AI52=$BL$39,AN52,IF(AQ52=$BL$39,AV52)))) -> 17.867353 | BM52: =IF(S52=$BM$39,X52,IF(AA52=$BM$39,AF52,IF(AI52=$BM$39,AN52,IF(AQ52=$BM$39,AV52)))) -> FALSE | BN52: =IF(S52=$BN$39,X52,IF(AA52=$BN$39,AF52,IF(AI52=$BN$39,AN52,IF(AQ52=$BN$39,AV52)))) -> FALSE | BO52: =IF(S52=$BO$39,X52,IF(AA52=$BO$39,AF52,IF(AI52=$BO$39,AN52,IF(AQ52=$BO$39,AV52)))) -> FALSE | BP52: =IF(S52=$BP$39,X52,IF(AA52=$BP$39,AF52,IF(AI52=$BP$39,AN52,IF(AQ52=$BP$39,AV52)))) -> FALSE | BQ52: =IF(S52=$BQ$39,X52,IF(AA52=$BQ$39,AF52,IF(AI52=$BQ$39,AN52,IF(AQ52=$BQ$39,AV52)))) -> FALSE | BR52: =IF(S52=$BR$39,X52,IF(AA52=$BR$39,AF52,IF(AI52=$BR$39,AN52,IF(AQ52=$BR$39,AV52)))) -> FALSE
A53: Latex | B53: Latex Experto y Homologos | C53: L. Experto | D53: Galon | E53: - | F53: - | G53: Azul Profundo | H53: 59 | I53: 125 | J53: 175 | P53: Intensa | Q53: 120 | R53: =IF(P53=$A$32,$G$32,IF(P53=$A$33,$G$33,IF(P53=$A$34,$G$34,IF(P53=$A$35,$G$35)))) -> 0 | S53: AZ | U53: 68 | V53: =(T53*48)+(U53) -> 68 | W53: =(V53/48) -> 1.4166667 | X53: =(W53/0.033814) -> 41.895862 | Y53: =(X53*0.03) -> 1.2568759 | Z53: =IF(S53="",0,VLOOKUP(S53,[1]!Costo_Twist,2,FALSE)*W53) -> 185.46742 | AA53: NE | AC53: 25.5 | AD53: =(AB53*48)+(AC53) -> 25.5 | AE53: =(AD53/48) -> 0.53125 | AF53: =(AE53/0.033814) -> 15.710948 | AG53: =(AF53*0.03) -> 0.47132844 | AH53: =IF(AA53="",0,VLOOKUP(AA53,[1]!Costo_Twist,2,FALSE)*AE53) -> 65.963162 | AI53: VI | AK53: 41.5 | AL53: =(AJ53*48)+(AK53) -> 41.5 | AM53: =(AL53/48) -> 0.86458333 | AN53: =(AM53/0.033814) -> 25.568798 | AO53: =(AN53*0.03) -> 0.76706394 | AP53: =IF(AI53="",0,VLOOKUP(AI53,[1]!Costo_Twist,2,FALSE)*AM53) -> 175.20641 | AT53: =(AR53*48)+(AS53) -> 0 | AU53: =(AT53/48) -> 0 | AV53: =(AU53/0.033814) -> 0 | AW53: =(AV53*0.03) -> 0 | AX53: =IF(AQ53="",0,VLOOKUP(AQ53,[1]!Costo_Twist,2,FALSE)*AU53) -> 0 | AY53: =(Z53+AH53+AP53+AX53) -> 426.63698 | AZ53: =(W53+AE53+AM53+AU53) -> 2.8125 | BA53: =(Q53+AZ53) -> 122.8125 | BB53: =IF(BA53>=133,"sobrellenado","ok") -> ok | BC53: =IF((COUNTIF($AA53,$S53)+COUNTIF($AI53,$S53)+COUNTIF($AQ53,$S53)+COUNTIF($S53,$AA53)+COUNTIF($AI53,$AA53)+COUNTIF($AQ53,$AA53)+COUNTIF($S53,$AI53)+COUNTIF($AA53,$AI53)+COUNTIF($AQ53,$AI53)+COUNTIF($S53,$AQ53)+COUNTIF($AA53,$AQ53)+COUNTIF($AI53,$AQ53))>1,"Falla","ok") -> ok | BE53: =IF(S53=$BE$39,X53,IF(AA53=$BE$39,AF53,IF(AI53=$BE$39,AN53,IF(AQ53=$BE$39,AV53)))) -> FALSE | BF53: =IF(S53=$BF$39,X53,IF(AA53=$BF$39,AF53,IF(AI53=$BF$39,AN53,IF(AQ53=$BF$39,AV53)))) -> FALSE | BG53: =IF(S53=$BG$39,X53,IF(AA53=$BG$39,AF53,IF(AI53=$BG$39,AN53,IF(AQ53=$BG$39,AV53)))) -> FALSE | BH53: =IF(S53=$BH$39,X53,IF(AA53=$BH$39,AF53,IF(AI53=$BH$39,AN53,IF(AQ53=$BH$39,AV53)))) -> 41.895862 | BI53: =IF(S53=$BI$39,X53,IF(AA53=$BI$39,AF53,IF(AI53=$BI$39,AN53,IF(AQ53=$BI$39,AV53)))) -> FALSE | BJ53: =IF(S53=$BJ$39,X53,IF(AA53=$BJ$39,AF53,IF(AI53=$BJ$39,AN53,IF(AQ53=$BJ$39,AV53)))) -> FALSE | BK53: =IF(S53=$BK$39,X53,IF(AA53=$BK$39,AF53,IF(AI53=$BK$39,AN53,IF(AQ53=$BK$39,AV53)))) -> FALSE | BL53: =IF(S53=$BL$39,X53,IF(AA53=$BL$39,AF53,IF(AI53=$BL$39,AN53,IF(AQ53=$BL$39,AV53)))) -> 15.710948 | BM53: =IF(S53=$BM$39,X53,IF(AA53=$BM$39,AF53,IF(AI53=$BM$39,AN53,IF(AQ53=$BM$39,AV53)))) -> FALSE | BN53: =IF(S53=$BN$39,X53,IF(AA53=$BN$39,AF53,IF(AI53=$BN$39,AN53,IF(AQ53=$BN$39,AV53)))) -> FALSE | BO53: =IF(S53=$BO$39,X53,IF(AA53=$BO$39,AF53,IF(AI53=$BO$39,AN53,IF(AQ53=$BO$39,AV53)))) -> FALSE | BP53: =IF(S53=$BP$39,X53,IF(AA53=$BP$39,AF53,IF(AI53=$BP$39,AN53,IF(AQ53=$BP$39,AV53)))) -> FALSE | BQ53: =IF(S53=$BQ$39,X53,IF(AA53=$BQ$39,AF53,IF(AI53=$BQ$39,AN53,IF(AQ53=$BQ$39,AV53)))) -> FALSE | BR53: =IF(S53=$BR$39,X53,IF(AA53=$BR$39,AF53,IF(AI53=$BR$39,AN53,IF(AQ53=$BR$39,AV53)))) -> 25.568798
A54: Latex | B54: Latex Experto y Homologos | C54: L. Acrilico Antih. | D54: Galon | E54: - | F54: - | G54: Gris | P54: Blanca | Q54: 128 | R54: =IF(P54=$A$32,$G$32,IF(P54=$A$33,$G$33,IF(P54=$A$34,$G$34,IF(P54=$A$35,$G$35)))) -> 0 | S54: AZ | U54: 7.5 | V54: =(T54*48)+(U54) -> 7.5 | W54: =(V54/48) -> 0.15625 | X54: =(W54/0.033814) -> 4.6208671 | Y54: =(X54*0.03) -> 0.13862601 | Z54: =IF(S54="",0,VLOOKUP(S54,[1]!Costo_Twist,2,FALSE)*W54) -> 20.455965 | AA54: CA | AC54: 71.5 | AD54: =(AB54*48)+(AC54) -> 71.5 | AE54: =(AD54/48) -> 1.4895833 | AF54: =(AE54/0.033814) -> 44.052266 | AG54: =(AF54*0.03) -> 1.321568 | AH54: =IF(AA54="",0,VLOOKUP(AA54,[1]!Costo_Twist,2,FALSE)*AE54) -> 101.07336 | AI54: MA | AK54: 5 | AL54: =(AJ54*48)+(AK54) -> 5 | AM54: =(AL54/48) -> 0.10416667 | AN54: =(AM54/0.033814) -> 3.0805781 | AO54: =(AN54*0.03) -> 0.092417342 | AP54: =IF(AI54="",0,VLOOKUP(AI54,[1]!Costo_Twist,2,FALSE)*AM54) -> 30.260606 | AT54: =(AR54*48)+(AS54) -> 0 | AU54: =(AT54/48) -> 0 | AV54: =(AU54/0.033814) -> 0 | AW54: =(AV54*0.03) -> 0 | AX54: =IF(AQ54="",0,VLOOKUP(AQ54,[1]!Costo_Twist,2,FALSE)*AU54) -> 0 | AY54: =(Z54+AH54+AP54+AX54) -> 151.78993 | AZ54: =(W54+AE54+AM54+AU54) -> 1.75 | BA54: =(Q54+AZ54) -> 129.75 | BB54: =IF(BA54>=133,"sobrellenado","ok") -> ok | BC54: =IF((COUNTIF($AA54,$S54)+COUNTIF($AI54,$S54)+COUNTIF($AQ54,$S54)+COUNTIF($S54,$AA54)+COUNTIF($AI54,$AA54)+COUNTIF($AQ54,$AA54)+COUNTIF($S54,$AI54)+COUNTIF($AA54,$AI54)+COUNTIF($AQ54,$AI54)+COUNTIF($S54,$AQ54)+COUNTIF($AA54,$AQ54)+COUNTIF($AI54,$AQ54))>1,"Falla","ok") -> ok | BE54: =IF(S54=$BE$39,X54,IF(AA54=$BE$39,AF54,IF(AI54=$BE$39,AN54,IF(AQ54=$BE$39,AV54)))) -> FALSE | BF54: =IF(S54=$BF$39,X54,IF(AA54=$BF$39,AF54,IF(AI54=$BF$39,AN54,IF(AQ54=$BF$39,AV54)))) -> FALSE | BG54: =IF(S54=$BG$39,X54,IF(AA54=$BG$39,AF54,IF(AI54=$BG$39,AN54,IF(AQ54=$BG$39,AV54)))) -> FALSE | BH54: =IF(S54=$BH$39,X54,IF(AA54=$BH$39,AF54,IF(AI54=$BH$39,AN54,IF(AQ54=$BH$39,AV54)))) -> 4.6208671 | BI54: =IF(S54=$BI$39,X54,IF(AA54=$BI$39,AF54,IF(AI54=$BI$39,AN54,IF(AQ54=$BI$39,AV54)))) -> FALSE | BJ54: =IF(S54=$BJ$39,X54,IF(AA54=$BJ$39,AF54,IF(AI54=$BJ$39,AN54,IF(AQ54=$BJ$39,AV54)))) -> 44.052266 | BK54: =IF(S54=$BK$39,X54,IF(AA54=$BK$39,AF54,IF(AI54=$BK$39,AN54,IF(AQ54=$BK$39,AV54)))) -> 3.0805781 | BL54: =IF(S54=$BL$39,X54,IF(AA54=$BL$39,AF54,IF(AI54=$BL$39,AN54,IF(AQ54=$BL$39,AV54)))) -> FALSE | BM54: =IF(S54=$BM$39,X54,IF(AA54=$BM$39,AF54,IF(AI54=$BM$39,AN54,IF(AQ54=$BM$39,AV54)))) -> FALSE | BN54: =IF(S54=$BN$39,X54,IF(AA54=$BN$39,AF54,IF(AI54=$BN$39,AN54,IF(AQ54=$BN$39,AV54)))) -> FALSE | BO54: =IF(S54=$BO$39,X54,IF(AA54=$BO$39,AF54,IF(AI54=$BO$39,AN54,IF(AQ54=$BO$39,AV54)))) -> FALSE | BP54: =IF(S54=$BP$39,X54,IF(AA54=$BP$39,AF54,IF(AI54=$BP$39,AN54,IF(AQ54=$BP$39,AV54)))) -> FALSE | BQ54: =IF(S54=$BQ$39,X54,IF(AA54=$BQ$39,AF54,IF(AI54=$BQ$39,AN54,IF(AQ54=$BQ$39,AV54)))) -> FALSE | BR54: =IF(S54=$BR$39,X54,IF(AA54=$BR$39,AF54,IF(AI54=$BR$39,AN54,IF(AQ54=$BR$39,AV54)))) -> FALSE
A55: Latex | B55: Latex Experto y Homologos | C55: L. Acrilico Antih. | D55: Galon | E55: - | F55: - | G55: Verde Nilo | P55: Blanca | Q55: 128 | R55: =IF(P55=$A$32,$G$32,IF(P55=$A$33,$G$33,IF(P55=$A$34,$G$34,IF(P55=$A$35,$G$35)))) -> 0 | S55: OC | U55: 35 | V55: =(T55*48)+(U55) -> 35 | W55: =(V55/48) -> 0.72916667 | X55: =(W55/0.033814) -> 21.564046 | Y55: =(X55*0.03) -> 0.64692139 | Z55: =IF(S55="",0,VLOOKUP(S55,[1]!Costo_Twist,2,FALSE)*W55) -> 106.7662 | AA55: VE | AC55: 10 | AD55: =(AB55*48)+(AC55) -> 10 | AE55: =(AD55/48) -> 0.20833333 | AF55: =(AE55/0.033814) -> 6.1611561 | AG55: =(AF55*0.03) -> 0.18483468 | AH55: =IF(AA55="",0,VLOOKUP(AA55,[1]!Costo_Twist,2,FALSE)*AE55) -> 24.899212 | AI55: NE | AK55: 8.5 | AL55: =(AJ55*48)+(AK55) -> 8.5 | AM55: =(AL55/48) -> 0.17708333 | AN55: =(AM55/0.033814) -> 5.2369827 | AO55: =(AN55*0.03) -> 0.15710948 | AP55: =IF(AI55="",0,VLOOKUP(AI55,[1]!Costo_Twist,2,FALSE)*AM55) -> 21.987721 | AT55: =(AR55*48)+(AS55) -> 0 | AU55: =(AT55/48) -> 0 | AV55: =(AU55/0.033814) -> 0 | AW55: =(AV55*0.03) -> 0 | AX55: =IF(AQ55="",0,VLOOKUP(AQ55,[1]!Costo_Twist,2,FALSE)*AU55) -> 0 | AY55: =(Z55+AH55+AP55+AX55) -> 153.65313 | AZ55: =(W55+AE55+AM55+AU55) -> 1.1145833 | BA55: =(Q55+AZ55) -> 129.11458 | BB55: =IF(BA55>=133,"sobrellenado","ok") -> ok | BC55: =IF((COUNTIF($AA55,$S55)+COUNTIF($AI55,$S55)+COUNTIF($AQ55,$S55)+COUNTIF($S55,$AA55)+COUNTIF($AI55,$AA55)+COUNTIF($AQ55,$AA55)+COUNTIF($S55,$AI55)+COUNTIF($AA55,$AI55)+COUNTIF($AQ55,$AI55)+COUNTIF($S55,$AQ55)+COUNTIF($AA55,$AQ55)+COUNTIF($AI55,$AQ55))>1,"Falla","ok") -> ok | BE55: =IF(S55=$BE$39,X55,IF(AA55=$BE$39,AF55,IF(AI55=$BE$39,AN55,IF(AQ55=$BE$39,AV55)))) -> FALSE | BF55: =IF(S55=$BF$39,X55,IF(AA55=$BF$39,AF55,IF(AI55=$BF$39,AN55,IF(AQ55=$BF$39,AV55)))) -> FALSE | BG55: =IF(S55=$BG$39,X55,IF(AA55=$BG$39,AF55,IF(AI55=$BG$39,AN55,IF(AQ55=$BG$39,AV55)))) -> FALSE | BH55: =IF(S55=$BH$39,X55,IF(AA55=$BH$39,AF55,IF(AI55=$BH$39,AN55,IF(AQ55=$BH$39,AV55)))) -> FALSE | BI55: =IF(S55=$BI$39,X55,IF(AA55=$BI$39,AF55,IF(AI55=$BI$39,AN55,IF(AQ55=$BI$39,AV55)))) -> FALSE | BJ55: =IF(S55=$BJ$39,X55,IF(AA55=$BJ$39,AF55,IF(AI55=$BJ$39,AN55,IF(AQ55=$BJ$39,AV55)))) -> FALSE | BK55: =IF(S55=$BK$39,X55,IF(AA55=$BK$39,AF55,IF(AI55=$BK$39,AN55,IF(AQ55=$BK$39,AV55)))) -> FALSE | BL55: =IF(S55=$BL$39,X55,IF(AA55=$BL$39,AF55,IF(AI55=$BL$39,AN55,IF(AQ55=$BL$39,AV55)))) -> 5.2369827 | BM55: =IF(S55=$BM$39,X55,IF(AA55=$BM$39,AF55,IF(AI55=$BM$39,AN55,IF(AQ55=$BM$39,AV55)))) -> 21.564046 | BN55: =IF(S55=$BN$39,X55,IF(AA55=$BN$39,AF55,IF(AI55=$BN$39,AN55,IF(AQ55=$BN$39,AV55)))) -> FALSE | BO55: =IF(S55=$BO$39,X55,IF(AA55=$BO$39,AF55,IF(AI55=$BO$39,AN55,IF(AQ55=$BO$39,AV55)))) -> FALSE | BP55: =IF(S55=$BP$39,X55,IF(AA55=$BP$39,AF55,IF(AI55=$BP$39,AN55,IF(AQ55=$BP$39,AV55)))) -> FALSE | BQ55: =IF(S55=$BQ$39,X55,IF(AA55=$BQ$39,AF55,IF(AI55=$BQ$39,AN55,IF(AQ55=$BQ$39,AV55)))) -> 6.1611561 | BR55: =IF(S55=$BR$39,X55,IF(AA55=$BR$39,AF55,IF(AI55=$BR$39,AN55,IF(AQ55=$BR$39,AV55)))) -> FALSE
A56: Latex | B56: Latex Experto y Homologos | C56: L. Acrilico Antih. | D56: Galon | E56: - | F56: - | G56: Durazno | P56: Blanca | Q56: 128 | R56: =IF(P56=$A$32,$G$32,IF(P56=$A$33,$G$33,IF(P56=$A$34,$G$34,IF(P56=$A$35,$G$35)))) -> 0 | S56: OC | U56: 20.5 | V56: =(T56*48)+(U56) -> 20.5 | W56: =(V56/48) -> 0.42708333 | X56: =(W56/0.033814) -> 12.63037 | Y56: =(X56*0.03) -> 0.3789111 | Z56: =IF(S56="",0,VLOOKUP(S56,[1]!Costo_Twist,2,FALSE)*W56) -> 62.534487 | AA56: NE | AC56: 2 | AD56: =(AB56*48)+(AC56) -> 2 | AE56: =(AD56/48) -> 0.041666667 | AF56: =(AE56/0.033814) -> 1.2322312 | AG56: =(AF56*0.03) -> 0.036966937 | AH56: =IF(AA56="",0,VLOOKUP(AA56,[1]!Costo_Twist,2,FALSE)*AE56) -> 5.1735813 | AI56: RO | AK56: 1 | AL56: =(AJ56*48)+(AK56) -> 1 | AM56: =(AL56/48) -> 0.020833333 | AN56: =(AM56/0.033814) -> 0.61611561 | AO56: =(AN56*0.03) -> 0.018483468 | AP56: =IF(AI56="",0,VLOOKUP(AI56,[1]!Costo_Twist,2,FALSE)*AM56) -> 5.222398 | AT56: =(AR56*48)+(AS56) -> 0 | AU56: =(AT56/48) -> 0 | AV56: =(AU56/0.033814) -> 0 | AW56: =(AV56*0.03) -> 0 | AX56: =IF(AQ56="",0,VLOOKUP(AQ56,[1]!Costo_Twist,2,FALSE)*AU56) -> 0 | AY56: =(Z56+AH56+AP56+AX56) -> 72.930466 | AZ56: =(W56+AE56+AM56+AU56) -> 0.48958333 | BA56: =(Q56+AZ56) -> 128.48958 | BB56: =IF(BA56>=133,"sobrellenado","ok") -> ok | BC56: =IF((COUNTIF($AA56,$S56)+COUNTIF($AI56,$S56)+COUNTIF($AQ56,$S56)+COUNTIF($S56,$AA56)+COUNTIF($AI56,$AA56)+COUNTIF($AQ56,$AA56)+COUNTIF($S56,$AI56)+COUNTIF($AA56,$AI56)+COUNTIF($AQ56,$AI56)+COUNTIF($S56,$AQ56)+COUNTIF($AA56,$AQ56)+COUNTIF($AI56,$AQ56))>1,"Falla","ok") -> ok | BE56: =IF(S56=$BE$39,X56,IF(AA56=$BE$39,AF56,IF(AI56=$BE$39,AN56,IF(AQ56=$BE$39,AV56)))) -> FALSE | BF56: =IF(S56=$BF$39,X56,IF(AA56=$BF$39,AF56,IF(AI56=$BF$39,AN56,IF(AQ56=$BF$39,AV56)))) -> FALSE | BG56: =IF(S56=$BG$39,X56,IF(AA56=$BG$39,AF56,IF(AI56=$BG$39,AN56,IF(AQ56=$BG$39,AV56)))) -> FALSE | BH56: =IF(S56=$BH$39,X56,IF(AA56=$BH$39,AF56,IF(AI56=$BH$39,AN56,IF(AQ56=$BH$39,AV56)))) -> FALSE | BI56: =IF(S56=$BI$39,X56,IF(AA56=$BI$39,AF56,IF(AI56=$BI$39,AN56,IF(AQ56=$BI$39,AV56)))) -> FALSE | BJ56: =IF(S56=$BJ$39,X56,IF(AA56=$BJ$39,AF56,IF(AI56=$BJ$39,AN56,IF(AQ56=$BJ$39,AV56)))) -> FALSE | BK56: =IF(S56=$BK$39,X56,IF(AA56=$BK$39,AF56,IF(AI56=$BK$39,AN56,IF(AQ56=$BK$39,AV56)))) -> FALSE | BL56: =IF(S56=$BL$39,X56,IF(AA56=$BL$39,AF56,IF(AI56=$BL$39,AN56,IF(AQ56=$BL$39,AV56)))) -> 1.2322312 | BM56: =IF(S56=$BM$39,X56,IF(AA56=$BM$39,AF56,IF(AI56=$BM$39,AN56,IF(AQ56=$BM$39,AV56)))) -> 12.63037 | BN56: =IF(S56=$BN$39,X56,IF(AA56=$BN$39,AF56,IF(AI56=$BN$39,AN56,IF(AQ56=$BN$39,AV56)))) -> FALSE | BO56: =IF(S56=$BO$39,X56,IF(AA56=$BO$39,AF56,IF(AI56=$BO$39,AN56,IF(AQ56=$BO$39,AV56)))) -> 0.61611561 | BP56: =IF(S56=$BP$39,X56,IF(AA56=$BP$39,AF56,IF(AI56=$BP$39,AN56,IF(AQ56=$BP$39,AV56)))) -> FALSE | BQ56: =IF(S56=$BQ$39,X56,IF(AA56=$BQ$39,AF56,IF(AI56=$BQ$39,AN56,IF(AQ56=$BQ$39,AV56)))) -> FALSE | BR56: =IF(S56=$BR$39,X56,IF(AA56=$BR$39,AF56,IF(AI56=$BR$39,AN56,IF(AQ56=$BR$39,AV56)))) -> FALSE
A57: Latex | B57: Latex Experto y Homologos | C57: L. Acrilico Antih. | D57: Galon | E57: - | F57: - | G57: Celeste | P57: Blanca | Q57: 124 | R57: =IF(P57=$A$32,$G$32,IF(P57=$A$33,$G$33,IF(P57=$A$34,$G$34,IF(P57=$A$35,$G$35)))) -> 0 | S57: CA | U57: 29.5 | V57: =(T57*48)+(U57) -> 29.5 | W57: =(V57/48) -> 0.61458333 | X57: =(W57/0.033814) -> 18.175411 | Y57: =(X57*0.03) -> 0.54526232 | Z57: =IF(S57="",0,VLOOKUP(S57,[1]!Costo_Twist,2,FALSE)*W57) -> 41.701597 | AA57: AZ | AC57: 19 | AD57: =(AB57*48)+(AC57) -> 19 | AE57: =(AD57/48) -> 0.39583333 | AF57: =(AE57/0.033814) -> 11.706197 | AG57: =(AF57*0.03) -> 0.3511859 | AH57: =IF(AA57="",0,VLOOKUP(AA57,[1]!Costo_Twist,2,FALSE)*AE57) -> 51.821778 | AI57: VE | AK57: 1.5 | AL57: =(AJ57*48)+(AK57) -> 1.5 | AM57: =(AL57/48) -> 0.03125 | AN57: =(AM57/0.033814) -> 0.92417342 | AO57: =(AN57*0.03) -> 0.027725203 | AP57: =IF(AI57="",0,VLOOKUP(AI57,[1]!Costo_Twist,2,FALSE)*AM57) -> 3.7348819 | AT57: =(AR57*48)+(AS57) -> 0 | AU57: =(AT57/48) -> 0 | AV57: =(AU57/0.033814) -> 0 | AW57: =(AV57*0.03) -> 0 | AX57: =IF(AQ57="",0,VLOOKUP(AQ57,[1]!Costo_Twist,2,FALSE)*AU57) -> 0 | AY57: =(Z57+AH57+AP57+AX57) -> 97.258258 | AZ57: =(W57+AE57+AM57+AU57) -> 1.0416667 | BA57: =(Q57+AZ57) -> 125.04167 | BB57: =IF(BA57>=133,"sobrellenado","ok") -> ok | BC57: =IF((COUNTIF($AA57,$S57)+COUNTIF($AI57,$S57)+COUNTIF($AQ57,$S57)+COUNTIF($S57,$AA57)+COUNTIF($AI57,$AA57)+COUNTIF($AQ57,$AA57)+COUNTIF($S57,$AI57)+COUNTIF($AA57,$AI57)+COUNTIF($AQ57,$AI57)+COUNTIF($S57,$AQ57)+COUNTIF($AA57,$AQ57)+COUNTIF($AI57,$AQ57))>1,"Falla","ok") -> ok | BE57: =IF(S57=$BE$39,X57,IF(AA57=$BE$39,AF57,IF(AI57=$BE$39,AN57,IF(AQ57=$BE$39,AV57)))) -> FALSE | BF57: =IF(S57=$BF$39,X57,IF(AA57=$BF$39,AF57,IF(AI57=$BF$39,AN57,IF(AQ57=$BF$39,AV57)))) -> FALSE | BG57: =IF(S57=$BG$39,X57,IF(AA57=$BG$39,AF57,IF(AI57=$BG$39,AN57,IF(AQ57=$BG$39,AV57)))) -> FALSE | BH57: =IF(S57=$BH$39,X57,IF(AA57=$BH$39,AF57,IF(AI57=$BH$39,AN57,IF(AQ57=$BH$39,AV57)))) -> 11.706197 | BI57: =IF(S57=$BI$39,X57,IF(AA57=$BI$39,AF57,IF(AI57=$BI$39,AN57,IF(AQ57=$BI$39,AV57)))) -> FALSE | BJ57: =IF(S57=$BJ$39,X57,IF(AA57=$BJ$39,AF57,IF(AI57=$BJ$39,AN57,IF(AQ57=$BJ$39,AV57)))) -> 18.175411 | BK57: =IF(S57=$BK$39,X57,IF(AA57=$BK$39,AF57,IF(AI57=$BK$39,AN57,IF(AQ57=$BK$39,AV57)))) -> FALSE | BL57: =IF(S57=$BL$39,X57,IF(AA57=$BL$39,AF57,IF(AI57=$BL$39,AN57,IF(AQ57=$BL$39,AV57)))) -> FALSE | BM57: =IF(S57=$BM$39,X57,IF(AA57=$BM$39,AF57,IF(AI57=$BM$39,AN57,IF(AQ57=$BM$39,AV57)))) -> FALSE | BN57: =IF(S57=$BN$39,X57,IF(AA57=$BN$39,AF57,IF(AI57=$BN$39,AN57,IF(AQ57=$BN$39,AV57)))) -> FALSE | BO57: =IF(S57=$BO$39,X57,IF(AA57=$BO$39,AF57,IF(AI57=$BO$39,AN57,IF(AQ57=$BO$39,AV57)))) -> FALSE | BP57: =IF(S57=$BP$39,X57,IF(AA57=$BP$39,AF57,IF(AI57=$BP$39,AN57,IF(AQ57=$BP$39,AV57)))) -> FALSE | BQ57: =IF(S57=$BQ$39,X57,IF(AA57=$BQ$39,AF57,IF(AI57=$BQ$39,AN57,IF(AQ57=$BQ$39,AV57)))) -> 0.92417342 | BR57: =IF(S57=$BR$39,X57,IF(AA57=$BR$39,AF57,IF(AI57=$BR$39,AN57,IF(AQ57=$BR$39,AV57)))) -> FALSE
A58: Latex | B58: Latex Experto y Homologos | C58: L. Acrilico Antih. | D58: Galon | E58: - | F58: - | G58: Ocre | P58: Media | Q58: 124 | R58: =IF(P58=$A$32,$G$32,IF(P58=$A$33,$G$33,IF(P58=$A$34,$G$34,IF(P58=$A$35,$G$35)))) -> 0 | S58: NE | U58: 3.5 | V58: =(T58*48)+(U58) -> 3.5 | W58: =(V58/48) -> 0.072916667 | X58: =(W58/0.033814) -> 2.1564046 | Y58: =(X58*0.03) -> 0.064692139 | Z58: =IF(S58="",0,VLOOKUP(S58,[1]!Costo_Twist,2,FALSE)*W58) -> 9.0537673 | AA58: OC | AC58: 138 | AD58: =(AB58*48)+(AC58) -> 138 | AE58: =(AD58/48) -> 2.875 | AF58: =(AE58/0.033814) -> 85.023955 | AG58: =(AF58*0.03) -> 2.5507186 | AH58: =IF(AA58="",0,VLOOKUP(AA58,[1]!Costo_Twist,2,FALSE)*AE58) -> 420.96386 | AI58: RO | AK58: 5.5 | AL58: =(AJ58*48)+(AK58) -> 5.5 | AM58: =(AL58/48) -> 0.11458333 | AN58: =(AM58/0.033814) -> 3.3886359 | AO58: =(AN58*0.03) -> 0.10165908 | AP58: =IF(AI58="",0,VLOOKUP(AI58,[1]!Costo_Twist,2,FALSE)*AM58) -> 28.723189 | AT58: =(AR58*48)+(AS58) -> 0 | AU58: =(AT58/48) -> 0 | AV58: =(AU58/0.033814) -> 0 | AW58: =(AV58*0.03) -> 0 | AX58: =IF(AQ58="",0,VLOOKUP(AQ58,[1]!Costo_Twist,2,FALSE)*AU58) -> 0 | AY58: =(Z58+AH58+AP58+AX58) -> 458.74082 | AZ58: =(W58+AE58+AM58+AU58) -> 3.0625 | BA58: =(Q58+AZ58) -> 127.0625 | BB58: =IF(BA58>=133,"sobrellenado","ok") -> ok | BC58: =IF((COUNTIF($AA58,$S58)+COUNTIF($AI58,$S58)+COUNTIF($AQ58,$S58)+COUNTIF($S58,$AA58)+COUNTIF($AI58,$AA58)+COUNTIF($AQ58,$AA58)+COUNTIF($S58,$AI58)+COUNTIF($AA58,$AI58)+COUNTIF($AQ58,$AI58)+COUNTIF($S58,$AQ58)+COUNTIF($AA58,$AQ58)+COUNTIF($AI58,$AQ58))>1,"Falla","ok") -> ok | BE58: =IF(S58=$BE$39,X58,IF(AA58=$BE$39,AF58,IF(AI58=$BE$39,AN58,IF(AQ58=$BE$39,AV58)))) -> FALSE | BF58: =IF(S58=$BF$39,X58,IF(AA58=$BF$39,AF58,IF(AI58=$BF$39,AN58,IF(AQ58=$BF$39,AV58)))) -> FALSE | BG58: =IF(S58=$BG$39,X58,IF(AA58=$BG$39,AF58,IF(AI58=$BG$39,AN58,IF(AQ58=$BG$39,AV58)))) -> FALSE | BH58: =IF(S58=$BH$39,X58,IF(AA58=$BH$39,AF58,IF(AI58=$BH$39,AN58,IF(AQ58=$BH$39,AV58)))) -> FALSE | BI58: =IF(S58=$BI$39,X58,IF(AA58=$BI$39,AF58,IF(AI58=$BI$39,AN58,IF(AQ58=$BI$39,AV58)))) -> FALSE | BJ58: =IF(S58=$BJ$39,X58,IF(AA58=$BJ$39,AF58,IF(AI58=$BJ$39,AN58,IF(AQ58=$BJ$39,AV58)))) -> FALSE | BK58: =IF(S58=$BK$39,X58,IF(AA58=$BK$39,AF58,IF(AI58=$BK$39,AN58,IF(AQ58=$BK$39,AV58)))) -> FALSE | BL58: =IF(S58=$BL$39,X58,IF(AA58=$BL$39,AF58,IF(AI58=$BL$39,AN58,IF(AQ58=$BL$39,AV58)))) -> 2.1564046 | BM58: =IF(S58=$BM$39,X58,IF(AA58=$BM$39,AF58,IF(AI58=$BM$39,AN58,IF(AQ58=$BM$39,AV58)))) -> 85.023955 | BN58: =IF(S58=$BN$39,X58,IF(AA58=$BN$39,AF58,IF(AI58=$BN$39,AN58,IF(AQ58=$BN$39,AV58)))) -> FALSE | BO58: =IF(S58=$BO$39,X58,IF(AA58=$BO$39,AF58,IF(AI58=$BO$39,AN58,IF(AQ58=$BO$39,AV58)))) -> 3.3886359 | BP58: =IF(S58=$BP$39,X58,IF(AA58=$BP$39,AF58,IF(AI58=$BP$39,AN58,IF(AQ58=$BP$39,AV58)))) -> FALSE | BQ58: =IF(S58=$BQ$39,X58,IF(AA58=$BQ$39,AF58,IF(AI58=$BQ$39,AN58,IF(AQ58=$BQ$39,AV58)))) -> FALSE | BR58: =IF(S58=$BR$39,X58,IF(AA58=$BR$39,AF58,IF(AI58=$BR$39,AN58,IF(AQ58=$BR$39,AV58)))) -> FALSE
A59: Latex | B59: Latex Experto y Homologos | C59: L. Acrilico Antih. | D59: Galon | E59: - | F59: - | G59: Crema | P59: Media | Q59: 124 | R59: =IF(P59=$A$32,$G$32,IF(P59=$A$33,$G$33,IF(P59=$A$34,$G$34,IF(P59=$A$35,$G$35)))) -> 0 | S59: NE | U59: 2.5 | V59: =(T59*48)+(U59) -> 2.5 | W59: =(V59/48) -> 0.052083333 | X59: =(W59/0.033814) -> 1.540289 | Y59: =(X59*0.03) -> 0.046208671 | Z59: =IF(S59="",0,VLOOKUP(S59,[1]!Costo_Twist,2,FALSE)*W59) -> 6.4669767 | AA59: OC | AC59: 33 | AD59: =(AB59*48)+(AC59) -> 33 | AE59: =(AD59/48) -> 0.6875 | AF59: =(AE59/0.033814) -> 20.331815 | AG59: =(AF59*0.03) -> 0.60995446 | AH59: =IF(AA59="",0,VLOOKUP(AA59,[1]!Costo_Twist,2,FALSE)*AE59) -> 100.66527 | AI59: RO | AK59: 3 | AL59: =(AJ59*48)+(AK59) -> 3 | AM59: =(AL59/48) -> 0.0625 | AN59: =(AM59/0.033814) -> 1.8483468 | AO59: =(AN59*0.03) -> 0.055450405 | AP59: =IF(AI59="",0,VLOOKUP(AI59,[1]!Costo_Twist,2,FALSE)*AM59) -> 15.667194 | AT59: =(AR59*48)+(AS59) -> 0 | AU59: =(AT59/48) -> 0 | AV59: =(AU59/0.033814) -> 0 | AW59: =(AV59*0.03) -> 0 | AX59: =IF(AQ59="",0,VLOOKUP(AQ59,[1]!Costo_Twist,2,FALSE)*AU59) -> 0 | AY59: =(Z59+AH59+AP59+AX59) -> 122.79944 | AZ59: =(W59+AE59+AM59+AU59) -> 0.80208333 | BA59: =(Q59+AZ59) -> 124.80208 | BB59: =IF(BA59>=133,"sobrellenado","ok") -> ok | BC59: =IF((COUNTIF($AA59,$S59)+COUNTIF($AI59,$S59)+COUNTIF($AQ59,$S59)+COUNTIF($S59,$AA59)+COUNTIF($AI59,$AA59)+COUNTIF($AQ59,$AA59)+COUNTIF($S59,$AI59)+COUNTIF($AA59,$AI59)+COUNTIF($AQ59,$AI59)+COUNTIF($S59,$AQ59)+COUNTIF($AA59,$AQ59)+COUNTIF($AI59,$AQ59))>1,"Falla","ok") -> ok | BE59: =IF(S59=$BE$39,X59,IF(AA59=$BE$39,AF59,IF(AI59=$BE$39,AN59,IF(AQ59=$BE$39,AV59)))) -> FALSE | BF59: =IF(S59=$BF$39,X59,IF(AA59=$BF$39,AF59,IF(AI59=$BF$39,AN59,IF(AQ59=$BF$39,AV59)))) -> FALSE | BG59: =IF(S59=$BG$39,X59,IF(AA59=$BG$39,AF59,IF(AI59=$BG$39,AN59,IF(AQ59=$BG$39,AV59)))) -> FALSE | BH59: =IF(S59=$BH$39,X59,IF(AA59=$BH$39,AF59,IF(AI59=$BH$39,AN59,IF(AQ59=$BH$39,AV59)))) -> FALSE | BI59: =IF(S59=$BI$39,X59,IF(AA59=$BI$39,AF59,IF(AI59=$BI$39,AN59,IF(AQ59=$BI$39,AV59)))) -> FALSE | BJ59: =IF(S59=$BJ$39,X59,IF(AA59=$BJ$39,AF59,IF(AI59=$BJ$39,AN59,IF(AQ59=$BJ$39,AV59)))) -> FALSE | BK59: =IF(S59=$BK$39,X59,IF(AA59=$BK$39,AF59,IF(AI59=$BK$39,AN59,IF(AQ59=$BK$39,AV59)))) -> FALSE | BL59: =IF(S59=$BL$39,X59,IF(AA59=$BL$39,AF59,IF(AI59=$BL$39,AN59,IF(AQ59=$BL$39,AV59)))) -> 1.540289 | BM59: =IF(S59=$BM$39,X59,IF(AA59=$BM$39,AF59,IF(AI59=$BM$39,AN59,IF(AQ59=$BM$39,AV59)))) -> 20.331815 | BN59: =IF(S59=$BN$39,X59,IF(AA59=$BN$39,AF59,IF(AI59=$BN$39,AN59,IF(AQ59=$BN$39,AV59)))) -> FALSE | BO59: =IF(S59=$BO$39,X59,IF(AA59=$BO$39,AF59,IF(AI59=$BO$39,AN59,IF(AQ59=$BO$39,AV59)))) -> 1.8483468 | BP59: =IF(S59=$BP$39,X59,IF(AA59=$BP$39,AF59,IF(AI59=$BP$39,AN59,IF(AQ59=$BP$39,AV59)))) -> FALSE | BQ59: =IF(S59=$BQ$39,X59,IF(AA59=$BQ$39,AF59,IF(AI59=$BQ$39,AN59,IF(AQ59=$BQ$39,AV59)))) -> FALSE | BR59: =IF(S59=$BR$39,X59,IF(AA59=$BR$39,AF59,IF(AI59=$BR$39,AN59,IF(AQ59=$BR$39,AV59)))) -> FALSE
A60: Latex | B60: Latex Experto y Homologos | C60: L. Acrilico Antih. | D60: Galon | E60: - | F60: - | G60: Damasco | P60: Media | Q60: 124 | R60: =IF(P60=$A$32,$G$32,IF(P60=$A$33,$G$33,IF(P60=$A$34,$G$34,IF(P60=$A$35,$G$35)))) -> 0 | S60: AO | U60: 45.5 | V60: =(T60*48)+(U60) -> 45.5 | W60: =(V60/48) -> 0.94791667 | X60: =(W60/0.033814) -> 28.03326 | Y60: =(X60*0.03) -> 0.84099781 | Z60: =IF(S60="",0,VLOOKUP(S60,[1]!Costo_Twist,2,FALSE)*W60) -> 214.30143 | AA60: NE | AC60: 4 | AD60: =(AB60*48)+(AC60) -> 4 | AE60: =(AD60/48) -> 0.083333333 | AF60: =(AE60/0.033814) -> 2.4644625 | AG60: =(AF60*0.03) -> 0.073933874 | AH60: =IF(AA60="",0,VLOOKUP(AA60,[1]!Costo_Twist,2,FALSE)*AE60) -> 10.347163 | AI60: RO | AK60: 12.5 | AL60: =(AJ60*48)+(AK60) -> 12.5 | AM60: =(AL60/48) -> 0.26041667 | AN60: =(AM60/0.033814) -> 7.7014452 | AO60: =(AN60*0.03) -> 0.23104335 | AP60: =IF(AI60="",0,VLOOKUP(AI60,[1]!Costo_Twist,2,FALSE)*AM60) -> 65.279975 | AT60: =(AR60*48)+(AS60) -> 0 | AU60: =(AT60/48) -> 0 | AV60: =(AU60/0.033814) -> 0 | AW60: =(AV60*0.03) -> 0 | AX60: =IF(AQ60="",0,VLOOKUP(AQ60,[1]!Costo_Twist,2,FALSE)*AU60) -> 0 | AY60: =(Z60+AH60+AP60+AX60) -> 289.92857 | AZ60: =(W60+AE60+AM60+AU60) -> 1.2916667 | BA60: =(Q60+AZ60) -> 125.29167 | BB60: =IF(BA60>=133,"sobrellenado","ok") -> ok | BC60: =IF((COUNTIF($AA60,$S60)+COUNTIF($AI60,$S60)+COUNTIF($AQ60,$S60)+COUNTIF($S60,$AA60)+COUNTIF($AI60,$AA60)+COUNTIF($AQ60,$AA60)+COUNTIF($S60,$AI60)+COUNTIF($AA60,$AI60)+COUNTIF($AQ60,$AI60)+COUNTIF($S60,$AQ60)+COUNTIF($AA60,$AQ60)+COUNTIF($AI60,$AQ60))>1,"Falla","ok") -> ok | BE60: =IF(S60=$BE$39,X60,IF(AA60=$BE$39,AF60,IF(AI60=$BE$39,AN60,IF(AQ60=$BE$39,AV60)))) -> 28.03326 | BF60: =IF(S60=$BF$39,X60,IF(AA60=$BF$39,AF60,IF(AI60=$BF$39,AN60,IF(AQ60=$BF$39,AV60)))) -> FALSE | BG60: =IF(S60=$BG$39,X60,IF(AA60=$BG$39,AF60,IF(AI60=$BG$39,AN60,IF(AQ60=$BG$39,AV60)))) -> FALSE | BH60: =IF(S60=$BH$39,X60,IF(AA60=$BH$39,AF60,IF(AI60=$BH$39,AN60,IF(AQ60=$BH$39,AV60)))) -> FALSE | BI60: =IF(S60=$BI$39,X60,IF(AA60=$BI$39,AF60,IF(AI60=$BI$39,AN60,IF(AQ60=$BI$39,AV60)))) -> FALSE | BJ60: =IF(S60=$BJ$39,X60,IF(AA60=$BJ$39,AF60,IF(AI60=$BJ$39,AN60,IF(AQ60=$BJ$39,AV60)))) -> FALSE | BK60: =IF(S60=$BK$39,X60,IF(AA60=$BK$39,AF60,IF(AI60=$BK$39,AN60,IF(AQ60=$BK$39,AV60)))) -> FALSE | BL60: =IF(S60=$BL$39,X60,IF(AA60=$BL$39,AF60,IF(AI60=$BL$39,AN60,IF(AQ60=$BL$39,AV60)))) -> 2.4644625 | BM60: =IF(S60=$BM$39,X60,IF(AA60=$BM$39,AF60,IF(AI60=$BM$39,AN60,IF(AQ60=$BM$39,AV60)))) -> FALSE | BN60: =IF(S60=$BN$39,X60,IF(AA60=$BN$39,AF60,IF(AI60=$BN$39,AN60,IF(AQ60=$BN$39,AV60)))) -> FALSE | BO60: =IF(S60=$BO$39,X60,IF(AA60=$BO$39,AF60,IF(AI60=$BO$39,AN60,IF(AQ60=$BO$39,AV60)))) -> 7.7014452 | BP60: =IF(S60=$BP$39,X60,IF(AA60=$BP$39,AF60,IF(AI60=$BP$39,AN60,IF(AQ60=$BP$39,AV60)))) -> FALSE | BQ60: =IF(S60=$BQ$39,X60,IF(AA60=$BQ$39,AF60,IF(AI60=$BQ$39,AN60,IF(AQ60=$BQ$39,AV60)))) -> FALSE | BR60: =IF(S60=$BR$39,X60,IF(AA60=$BR$39,AF60,IF(AI60=$BR$39,AN60,IF(AQ60=$BR$39,AV60)))) -> FALSE
A61: Latex | B61: Latex Experto y Homologos | C61: L. Acrilico Antih. | D61: Galon | E61: - | F61: - | G61: Melon | P61: Media | Q61: 124 | R61: =IF(P61=$A$32,$G$32,IF(P61=$A$33,$G$33,IF(P61=$A$34,$G$34,IF(P61=$A$35,$G$35)))) -> 0 | S61: AV | U61: 145 | V61: =(T61*48)+(U61) -> 145 | W61: =(V61/48) -> 3.0208333 | X61: =(W61/0.033814) -> 89.336764 | Y61: =(X61*0.03) -> 2.6801029 | Z61: =IF(S61="",0,VLOOKUP(S61,[1]!Costo_Twist,2,FALSE)*W61) -> 555.55034 | AA61: MA | AC61: 57.5 | AD61: =(AB61*48)+(AC61) -> 57.5 | AE61: =(AD61/48) -> 1.1979167 | AF61: =(AE61/0.033814) -> 35.426648 | AG61: =(AF61*0.03) -> 1.0627994 | AH61: =IF(AA61="",0,VLOOKUP(AA61,[1]!Costo_Twist,2,FALSE)*AE61) -> 347.99697 | AI61: NE | AK61: 1.5 | AL61: =(AJ61*48)+(AK61) -> 1.5 | AM61: =(AL61/48) -> 0.03125 | AN61: =(AM61/0.033814) -> 0.92417342 | AO61: =(AN61*0.03) -> 0.027725203 | AP61: =IF(AI61="",0,VLOOKUP(AI61,[1]!Costo_Twist,2,FALSE)*AM61) -> 3.880186 | AT61: =(AR61*48)+(AS61) -> 0 | AU61: =(AT61/48) -> 0 | AV61: =(AU61/0.033814) -> 0 | AW61: =(AV61*0.03) -> 0 | AX61: =IF(AQ61="",0,VLOOKUP(AQ61,[1]!Costo_Twist,2,FALSE)*AU61) -> 0 | AY61: =(Z61+AH61+AP61+AX61) -> 907.4275 | AZ61: =(W61+AE61+AM61+AU61) -> 4.25 | BA61: =(Q61+AZ61) -> 128.25 | BB61: =IF(BA61>=133,"sobrellenado","ok") -> ok | BC61: =IF((COUNTIF($AA61,$S61)+COUNTIF($AI61,$S61)+COUNTIF($AQ61,$S61)+COUNTIF($S61,$AA61)+COUNTIF($AI61,$AA61)+COUNTIF($AQ61,$AA61)+COUNTIF($S61,$AI61)+COUNTIF($AA61,$AI61)+COUNTIF($AQ61,$AI61)+COUNTIF($S61,$AQ61)+COUNTIF($AA61,$AQ61)+COUNTIF($AI61,$AQ61))>1,"Falla","ok") -> ok | BE61: =IF(S61=$BE$39,X61,IF(AA61=$BE$39,AF61,IF(AI61=$BE$39,AN61,IF(AQ61=$BE$39,AV61)))) -> FALSE | BF61: =IF(S61=$BF$39,X61,IF(AA61=$BF$39,AF61,IF(AI61=$BF$39,AN61,IF(AQ61=$BF$39,AV61)))) -> FALSE | BG61: =IF(S61=$BG$39,X61,IF(AA61=$BG$39,AF61,IF(AI61=$BG$39,AN61,IF(AQ61=$BG$39,AV61)))) -> 89.336764 | BH61: =IF(S61=$BH$39,X61,IF(AA61=$BH$39,AF61,IF(AI61=$BH$39,AN61,IF(AQ61=$BH$39,AV61)))) -> FALSE | BI61: =IF(S61=$BI$39,X61,IF(AA61=$BI$39,AF61,IF(AI61=$BI$39,AN61,IF(AQ61=$BI$39,AV61)))) -> FALSE | BJ61: =IF(S61=$BJ$39,X61,IF(AA61=$BJ$39,AF61,IF(AI61=$BJ$39,AN61,IF(AQ61=$BJ$39,AV61)))) -> FALSE | BK61: =IF(S61=$BK$39,X61,IF(AA61=$BK$39,AF61,IF(AI61=$BK$39,AN61,IF(AQ61=$BK$39,AV61)))) -> 35.426648 | BL61: =IF(S61=$BL$39,X61,IF(AA61=$BL$39,AF61,IF(AI61=$BL$39,AN61,IF(AQ61=$BL$39,AV61)))) -> 0.92417342 | BM61: =IF(S61=$BM$39,X61,IF(AA61=$BM$39,AF61,IF(AI61=$BM$39,AN61,IF(AQ61=$BM$39,AV61)))) -> FALSE | BN61: =IF(S61=$BN$39,X61,IF(AA61=$BN$39,AF61,IF(AI61=$BN$39,AN61,IF(AQ61=$BN$39,AV61)))) -> FALSE | BO61: =IF(S61=$BO$39,X61,IF(AA61=$BO$39,AF61,IF(AI61=$BO$39,AN61,IF(AQ61=$BO$39,AV61)))) -> FALSE | BP61: =IF(S61=$BP$39,X61,IF(AA61=$BP$39,AF61,IF(AI61=$BP$39,AN61,IF(AQ61=$BP$39,AV61)))) -> FALSE | BQ61: =IF(S61=$BQ$39,X61,IF(AA61=$BQ$39,AF61,IF(AI61=$BQ$39,AN61,IF(AQ61=$BQ$39,AV61)))) -> FALSE | BR61: =IF(S61=$BR$39,X61,IF(AA61=$BR$39,AF61,IF(AI61=$BR$39,AN61,IF(AQ61=$BR$39,AV61)))) -> FALSE
A62: Latex | B62: Latex Experto y Homologos | C62: L. Acrilico Antih. | D62: Galon | E62: - | F62: - | G62: Marfil | P62: Media | Q62: 124 | R62: =IF(P62=$A$32,$G$32,IF(P62=$A$33,$G$33,IF(P62=$A$34,$G$34,IF(P62=$A$35,$G$35)))) -> 0 | S62: AV | U62: 5 | V62: =(T62*48)+(U62) -> 5 | W62: =(V62/48) -> 0.10416667 | X62: =(W62/0.033814) -> 3.0805781 | Y62: =(X62*0.03) -> 0.092417342 | Z62: =IF(S62="",0,VLOOKUP(S62,[1]!Costo_Twist,2,FALSE)*W62) -> 19.156908 | AA62: NE | AC62: 1 | AD62: =(AB62*48)+(AC62) -> 1 | AE62: =(AD62/48) -> 0.020833333 | AF62: =(AE62/0.033814) -> 0.61611561 | AG62: =(AF62*0.03) -> 0.018483468 | AH62: =IF(AA62="",0,VLOOKUP(AA62,[1]!Costo_Twist,2,FALSE)*AE62) -> 2.5867907 | AI62: OC | AK62: 17.5 | AL62: =(AJ62*48)+(AK62) -> 17.5 | AM62: =(AL62/48) -> 0.36458333 | AN62: =(AM62/0.033814) -> 10.782023 | AO62: =(AN62*0.03) -> 0.3234607 | AP62: =IF(AI62="",0,VLOOKUP(AI62,[1]!Costo_Twist,2,FALSE)*AM62) -> 53.383099 | AT62: =(AR62*48)+(AS62) -> 0 | AU62: =(AT62/48) -> 0 | AV62: =(AU62/0.033814) -> 0 | AW62: =(AV62*0.03) -> 0 | AX62: =IF(AQ62="",0,VLOOKUP(AQ62,[1]!Costo_Twist,2,FALSE)*AU62) -> 0 | AY62: =(Z62+AH62+AP62+AX62) -> 75.126798 | AZ62: =(W62+AE62+AM62+AU62) -> 0.48958333 | BA62: =(Q62+AZ62) -> 124.48958 | BB62: =IF(BA62>=133,"sobrellenado","ok") -> ok | BC62: =IF((COUNTIF($AA62,$S62)+COUNTIF($AI62,$S62)+COUNTIF($AQ62,$S62)+COUNTIF($S62,$AA62)+COUNTIF($AI62,$AA62)+COUNTIF($AQ62,$AA62)+COUNTIF($S62,$AI62)+COUNTIF($AA62,$AI62)+COUNTIF($AQ62,$AI62)+COUNTIF($S62,$AQ62)+COUNTIF($AA62,$AQ62)+COUNTIF($AI62,$AQ62))>1,"Falla","ok") -> ok | BE62: =IF(S62=$BE$39,X62,IF(AA62=$BE$39,AF62,IF(AI62=$BE$39,AN62,IF(AQ62=$BE$39,AV62)))) -> FALSE | BF62: =IF(S62=$BF$39,X62,IF(AA62=$BF$39,AF62,IF(AI62=$BF$39,AN62,IF(AQ62=$BF$39,AV62)))) -> FALSE | BG62: =IF(S62=$BG$39,X62,IF(AA62=$BG$39,AF62,IF(AI62=$BG$39,AN62,IF(AQ62=$BG$39,AV62)))) -> 3.0805781 | BH62: =IF(S62=$BH$39,X62,IF(AA62=$BH$39,AF62,IF(AI62=$BH$39,AN62,IF(AQ62=$BH$39,AV62)))) -> FALSE | BI62: =IF(S62=$BI$39,X62,IF(AA62=$BI$39,AF62,IF(AI62=$BI$39,AN62,IF(AQ62=$BI$39,AV62)))) -> FALSE | BJ62: =IF(S62=$BJ$39,X62,IF(AA62=$BJ$39,AF62,IF(AI62=$BJ$39,AN62,IF(AQ62=$BJ$39,AV62)))) -> FALSE | BK62: =IF(S62=$BK$39,X62,IF(AA62=$BK$39,AF62,IF(AI62=$BK$39,AN62,IF(AQ62=$BK$39,AV62)))) -> FALSE | BL62: =IF(S62=$BL$39,X62,IF(AA62=$BL$39,AF62,IF(AI62=$BL$39,AN62,IF(AQ62=$BL$39,AV62)))) -> 0.61611561 | BM62: =IF(S62=$BM$39,X62,IF(AA62=$BM$39,AF62,IF(AI62=$BM$39,AN62,IF(AQ62=$BM$39,AV62)))) -> 10.782023 | BN62: =IF(S62=$BN$39,X62,IF(AA62=$BN$39,AF62,IF(AI62=$BN$39,AN62,IF(AQ62=$BN$39,AV62)))) -> FALSE | BO62: =IF(S62=$BO$39,X62,IF(AA62=$BO$39,AF62,IF(AI62=$BO$39,AN62,IF(AQ62=$BO$39,AV62)))) -> FALSE | BP62: =IF(S62=$BP$39,X62,IF(AA62=$BP$39,AF62,IF(AI62=$BP$39,AN62,IF(AQ62=$BP$39,AV62)))) -> FALSE | BQ62: =IF(S62=$BQ$39,X62,IF(AA62=$BQ$39,AF62,IF(AI62=$BQ$39,AN62,IF(AQ62=$BQ$39,AV62)))) -> FALSE | BR62: =IF(S62=$BR$39,X62,IF(AA62=$BR$39,AF62,IF(AI62=$BR$39,AN62,IF(AQ62=$BR$39,AV62)))) -> FALSE
A63: Latex | B63: Latex Experto y Homologos | C63: L. Acrilico Antih. | D63: Galon | E63: - | F63: - | G63: Bco. Invierno | P63: Media | Q63: 124 | R63: =IF(P63=$A$32,$G$32,IF(P63=$A$33,$G$33,IF(P63=$A$34,$G$34,IF(P63=$A$35,$G$35)))) -> 0 | S63: NE | U63: 6 | V63: =(T63*48)+(U63) -> 6 | W63: =(V63/48) -> 0.125 | X63: =(W63/0.033814) -> 3.6966937 | Y63: =(X63*0.03) -> 0.11090081 | Z63: =IF(S63="",0,VLOOKUP(S63,[1]!Costo_Twist,2,FALSE)*W63) -> 15.520744 | AA63: OC | AC63: 13.5 | AD63: =(AB63*48)+(AC63) -> 13.5 | AE63: =(AD63/48) -> 0.28125 | AF63: =(AE63/0.033814) -> 8.3175608 | AG63: =(AF63*0.03) -> 0.24952682 | AH63: =IF(AA63="",0,VLOOKUP(AA63,[1]!Costo_Twist,2,FALSE)*AE63) -> 41.181248 | AI63: RO | AK63: 0.5 | AL63: =(AJ63*48)+(AK63) -> 0.5 | AM63: =(AL63/48) -> 0.010416667 | AN63: =(AM63/0.033814) -> 0.30805781 | AO63: =(AN63*0.03) -> 0.0092417342 | AP63: =IF(AI63="",0,VLOOKUP(AI63,[1]!Costo_Twist,2,FALSE)*AM63) -> 2.611199 | AT63: =(AR63*48)+(AS63) -> 0 | AU63: =(AT63/48) -> 0 | AV63: =(AU63/0.033814) -> 0 | AW63: =(AV63*0.03) -> 0 | AX63: =IF(AQ63="",0,VLOOKUP(AQ63,[1]!Costo_Twist,2,FALSE)*AU63) -> 0 | AY63: =(Z63+AH63+AP63+AX63) -> 59.313191 | AZ63: =(W63+AE63+AM63+AU63) -> 0.41666667 | BA63: =(Q63+AZ63) -> 124.41667 | BB63: =IF(BA63>=133,"sobrellenado","ok") -> ok | BC63: =IF((COUNTIF($AA63,$S63)+COUNTIF($AI63,$S63)+COUNTIF($AQ63,$S63)+COUNTIF($S63,$AA63)+COUNTIF($AI63,$AA63)+COUNTIF($AQ63,$AA63)+COUNTIF($S63,$AI63)+COUNTIF($AA63,$AI63)+COUNTIF($AQ63,$AI63)+COUNTIF($S63,$AQ63)+COUNTIF($AA63,$AQ63)+COUNTIF($AI63,$AQ63))>1,"Falla","ok") -> ok | BE63: =IF(S63=$BE$39,X63,IF(AA63=$BE$39,AF63,IF(AI63=$BE$39,AN63,IF(AQ63=$BE$39,AV63)))) -> FALSE | BF63: =IF(S63=$BF$39,X63,IF(AA63=$BF$39,AF63,IF(AI63=$BF$39,AN63,IF(AQ63=$BF$39,AV63)))) -> FALSE | BG63: =IF(S63=$BG$39,X63,IF(AA63=$BG$39,AF63,IF(AI63=$BG$39,AN63,IF(AQ63=$BG$39,AV63)))) -> FALSE | BH63: =IF(S63=$BH$39,X63,IF(AA63=$BH$39,AF63,IF(AI63=$BH$39,AN63,IF(AQ63=$BH$39,AV63)))) -> FALSE | BI63: =IF(S63=$BI$39,X63,IF(AA63=$BI$39,AF63,IF(AI63=$BI$39,AN63,IF(AQ63=$BI$39,AV63)))) -> FALSE | BJ63: =IF(S63=$BJ$39,X63,IF(AA63=$BJ$39,AF63,IF(AI63=$BJ$39,AN63,IF(AQ63=$BJ$39,AV63)))) -> FALSE | BK63: =IF(S63=$BK$39,X63,IF(AA63=$BK$39,AF63,IF(AI63=$BK$39,AN63,IF(AQ63=$BK$39,AV63)))) -> FALSE | BL63: =IF(S63=$BL$39,X63,IF(AA63=$BL$39,AF63,IF(AI63=$BL$39,AN63,IF(AQ63=$BL$39,AV63)))) -> 3.6966937 | BM63: =IF(S63=$BM$39,X63,IF(AA63=$BM$39,AF63,IF(AI63=$BM$39,AN63,IF(AQ63=$BM$39,AV63)))) -> 8.3175608 | BN63: =IF(S63=$BN$39,X63,IF(AA63=$BN$39,AF63,IF(AI63=$BN$39,AN63,IF(AQ63=$BN$39,AV63)))) -> FALSE | BO63: =IF(S63=$BO$39,X63,IF(AA63=$BO$39,AF63,IF(AI63=$BO$39,AN63,IF(AQ63=$BO$39,AV63)))) -> 0.30805781 | BP63: =IF(S63=$BP$39,X63,IF(AA63=$BP$39,AF63,IF(AI63=$BP$39,AN63,IF(AQ63=$BP$39,AV63)))) -> FALSE | BQ63: =IF(S63=$BQ$39,X63,IF(AA63=$BQ$39,AF63,IF(AI63=$BQ$39,AN63,IF(AQ63=$BQ$39,AV63)))) -> FALSE | BR63: =IF(S63=$BR$39,X63,IF(AA63=$BR$39,AF63,IF(AI63=$BR$39,AN63,IF(AQ63=$BR$39,AV63)))) -> FALSE
A64: Latex | B64: Latex Experto y Homologos | C64: L. Acrilico Antih. | D64: Galon | E64: - | F64: - | G64: Rojo Colonial | P64: Intensa | Q64: 120 | R64: =IF(P64=$A$32,$G$32,IF(P64=$A$33,$G$33,IF(P64=$A$34,$G$34,IF(P64=$A$35,$G$35)))) -> 0 | S64: MA | U64: 262 | V64: =(T64*48)+(U64) -> 262 | W64: =(V64/48) -> 5.4583333 | X64: =(W64/0.033814) -> 161.42229 | Y64: =(X64*0.03) -> 4.8426687 | Z64: =IF(S64="",0,VLOOKUP(S64,[1]!Costo_Twist,2,FALSE)*W64) -> 1585.6558 | AA64: NE | AC64: 81 | AD64: =(AB64*48)+(AC64) -> 81 | AE64: =(AD64/48) -> 1.6875 | AF64: =(AE64/0.033814) -> 49.905365 | AG64: =(AF64*0.03) -> 1.4971609 | AH64: =IF(AA64="",0,VLOOKUP(AA64,[1]!Costo_Twist,2,FALSE)*AE64) -> 209.53004 | AI64: RO | AK64: 281.5 | AL64: =(AJ64*48)+(AK64) -> 281.5 | AM64: =(AL64/48) -> 5.8645833 | AN64: =(AM64/0.033814) -> 173.43655 | AO64: =(AN64*0.03) -> 5.2030964 | AP64: =IF(AI64="",0,VLOOKUP(AI64,[1]!Costo_Twist,2,FALSE)*AM64) -> 1470.105 | AT64: =(AR64*48)+(AS64) -> 0 | AU64: =(AT64/48) -> 0 | AV64: =(AU64/0.033814) -> 0 | AW64: =(AV64*0.03) -> 0 | AX64: =IF(AQ64="",0,VLOOKUP(AQ64,[1]!Costo_Twist,2,FALSE)*AU64) -> 0 | AY64: =(Z64+AH64+AP64+AX64) -> 3265.2908 | AZ64: =(W64+AE64+AM64+AU64) -> 13.010417 | BA64: =(Q64+AZ64) -> 133.01042 | BB64: =IF(BA64>=133,"sobrellenado","ok") -> sobrellenado | BC64: =IF((COUNTIF($AA64,$S64)+COUNTIF($AI64,$S64)+COUNTIF($AQ64,$S64)+COUNTIF($S64,$AA64)+COUNTIF($AI64,$AA64)+COUNTIF($AQ64,$AA64)+COUNTIF($S64,$AI64)+COUNTIF($AA64,$AI64)+COUNTIF($AQ64,$AI64)+COUNTIF($S64,$AQ64)+COUNTIF($AA64,$AQ64)+COUNTIF($AI64,$AQ64))>1,"Falla","ok") -> ok | BE64: =IF(S64=$BE$39,X64,IF(AA64=$BE$39,AF64,IF(AI64=$BE$39,AN64,IF(AQ64=$BE$39,AV64)))) -> FALSE | BF64: =IF(S64=$BF$39,X64,IF(AA64=$BF$39,AF64,IF(AI64=$BF$39,AN64,IF(AQ64=$BF$39,AV64)))) -> FALSE | BG64: =IF(S64=$BG$39,X64,IF(AA64=$BG$39,AF64,IF(AI64=$BG$39,AN64,IF(AQ64=$BG$39,AV64)))) -> FALSE | BH64: =IF(S64=$BH$39,X64,IF(AA64=$BH$39,AF64,IF(AI64=$BH$39,AN64,IF(AQ64=$BH$39,AV64)))) -> FALSE | BI64: =IF(S64=$BI$39,X64,IF(AA64=$BI$39,AF64,IF(AI64=$BI$39,AN64,IF(AQ64=$BI$39,AV64)))) -> FALSE | BJ64: =IF(S64=$BJ$39,X64,IF(AA64=$BJ$39,AF64,IF(AI64=$BJ$39,AN64,IF(AQ64=$BJ$39,AV64)))) -> FALSE | BK64: =IF(S64=$BK$39,X64,IF(AA64=$BK$39,AF64,IF(AI64=$BK$39,AN64,IF(AQ64=$BK$39,AV64)))) -> 161.42229 | BL64: =IF(S64=$BL$39,X64,IF(AA64=$BL$39,AF64,IF(AI64=$BL$39,AN64,IF(AQ64=$BL$39,AV64)))) -> 49.905365 | BM64: =IF(S64=$BM$39,X64,IF(AA64=$BM$39,AF64,IF(AI64=$BM$39,AN64,IF(AQ64=$BM$39,AV64)))) -> FALSE | BN64: =IF(S64=$BN$39,X64,IF(AA64=$BN$39,AF64,IF(AI64=$BN$39,AN64,IF(AQ64=$BN$39,AV64)))) -> FALSE | BO64: =IF(S64=$BO$39,X64,IF(AA64=$BO$39,AF64,IF(AI64=$BO$39,AN64,IF(AQ64=$BO$39,AV64)))) -> 173.43655 | BP64: =IF(S64=$BP$39,X64,IF(AA64=$BP$39,AF64,IF(AI64=$BP$39,AN64,IF(AQ64=$BP$39,AV64)))) -> FALSE | BQ64: =IF(S64=$BQ$39,X64,IF(AA64=$BQ$39,AF64,IF(AI64=$BQ$39,AN64,IF(AQ64=$BQ$39,AV64)))) -> FALSE | BR64: =IF(S64=$BR$39,X64,IF(AA64=$BR$39,AF64,IF(AI64=$BR$39,AN64,IF(AQ64=$BR$39,AV64)))) -> FALSE
A65: Latex | B65: Latex Experto y Homologos | C65: L. Acrilico Antih. | D65: Galon | E65: - | F65: - | G65: Verde Musgo | P65: Intensa | Q65: 120 | R65: =IF(P65=$A$32,$G$32,IF(P65=$A$33,$G$33,IF(P65=$A$34,$G$34,IF(P65=$A$35,$G$35)))) -> 0 | S65: NE | U65: 83.5 | V65: =(T65*48)+(U65) -> 83.5 | W65: =(V65/48) -> 1.7395833 | X65: =(W65/0.033814) -> 51.445654 | Y65: =(X65*0.03) -> 1.5433696 | Z65: =IF(S65="",0,VLOOKUP(S65,[1]!Costo_Twist,2,FALSE)*W65) -> 215.99702 | AA65: VE | AC65: 37 | AD65: =(AB65*48)+(AC65) -> 37 | AE65: =(AD65/48) -> 0.77083333 | AF65: =(AE65/0.033814) -> 22.796278 | AG65: =(AF65*0.03) -> 0.68388833 | AH65: =IF(AA65="",0,VLOOKUP(AA65,[1]!Costo_Twist,2,FALSE)*AE65) -> 92.127086 | AI65: OC | AK65: 85.5 | AL65: =(AJ65*48)+(AK65) -> 85.5 | AM65: =(AL65/48) -> 1.78125 | AN65: =(AM65/0.033814) -> 52.677885 | AO65: =(AN65*0.03) -> 1.5803365 | AP65: =IF(AI65="",0,VLOOKUP(AI65,[1]!Costo_Twist,2,FALSE)*AM65) -> 260.81457 | AT65: =(AR65*48)+(AS65) -> 0 | AU65: =(AT65/48) -> 0 | AV65: =(AU65/0.033814) -> 0 | AW65: =(AV65*0.03) -> 0 | AX65: =IF(AQ65="",0,VLOOKUP(AQ65,[1]!Costo_Twist,2,FALSE)*AU65) -> 0 | AY65: =(Z65+AH65+AP65+AX65) -> 568.93867 | AZ65: =(W65+AE65+AM65+AU65) -> 4.2916667 | BA65: =(Q65+AZ65) -> 124.29167 | BB65: =IF(BA65>=133,"sobrellenado","ok") -> ok | BC65: =IF((COUNTIF($AA65,$S65)+COUNTIF($AI65,$S65)+COUNTIF($AQ65,$S65)+COUNTIF($S65,$AA65)+COUNTIF($AI65,$AA65)+COUNTIF($AQ65,$AA65)+COUNTIF($S65,$AI65)+COUNTIF($AA65,$AI65)+COUNTIF($AQ65,$AI65)+COUNTIF($S65,$AQ65)+COUNTIF($AA65,$AQ65)+COUNTIF($AI65,$AQ65))>1,"Falla","ok") -> ok | BE65: =IF(S65=$BE$39,X65,IF(AA65=$BE$39,AF65,IF(AI65=$BE$39,AN65,IF(AQ65=$BE$39,AV65)))) -> FALSE | BF65: =IF(S65=$BF$39,X65,IF(AA65=$BF$39,AF65,IF(AI65=$BF$39,AN65,IF(AQ65=$BF$39,AV65)))) -> FALSE | BG65: =IF(S65=$BG$39,X65,IF(AA65=$BG$39,AF65,IF(AI65=$BG$39,AN65,IF(AQ65=$BG$39,AV65)))) -> FALSE | BH65: =IF(S65=$BH$39,X65,IF(AA65=$BH$39,AF65,IF(AI65=$BH$39,AN65,IF(AQ65=$BH$39,AV65)))) -> FALSE | BI65: =IF(S65=$BI$39,X65,IF(AA65=$BI$39,AF65,IF(AI65=$BI$39,AN65,IF(AQ65=$BI$39,AV65)))) -> FALSE | BJ65: =IF(S65=$BJ$39,X65,IF(AA65=$BJ$39,AF65,IF(AI65=$BJ$39,AN65,IF(AQ65=$BJ$39,AV65)))) -> FALSE | BK65: =IF(S65=$BK$39,X65,IF(AA65=$BK$39,AF65,IF(AI65=$BK$39,AN65,IF(AQ65=$BK$39,AV65)))) -> FALSE | BL65: =IF(S65=$BL$39,X65,IF(AA65=$BL$39,AF65,IF(AI65=$BL$39,AN65,IF(AQ65=$BL$39,AV65)))) -> 51.445654 | BM65: =IF(S65=$BM$39,X65,IF(AA65=$BM$39,AF65,IF(AI65=$BM$39,AN65,IF(AQ65=$BM$39,AV65)))) -> 52.677885 | BN65: =IF(S65=$BN$39,X65,IF(AA65=$BN$39,AF65,IF(AI65=$BN$39,AN65,IF(AQ65=$BN$39,AV65)))) -> FALSE | BO65: =IF(S65=$BO$39,X65,IF(AA65=$BO$39,AF65,IF(AI65=$BO$39,AN65,IF(AQ65=$BO$39,AV65)))) -> FALSE | BP65: =IF(S65=$BP$39,X65,IF(AA65=$BP$39,AF65,IF(AI65=$BP$39,AN65,IF(AQ65=$BP$39,AV65)))) -> FALSE | BQ65: =IF(S65=$BQ$39,X65,IF(AA65=$BQ$39,AF65,IF(AI65=$BQ$39,AN65,IF(AQ65=$BQ$39,AV65)))) -> 22.796278 | BR65: =IF(S65=$BR$39,X65,IF(AA65=$BR$39,AF65,IF(AI65=$BR$39,AN65,IF(AQ65=$BR$39,AV65)))) -> FALSE
A66: Latex | B66: Latex Experto y Homologos | C66: Millennium | D66: Galon | E66: - | F66: - | G66: CW001W | H66: 226 | I66: 232 | J66: 233 | P66: Blanca | Q66: 128 | R66: =IF(P66=$A$32,$G$32,IF(P66=$A$33,$G$33,IF(P66=$A$34,$G$34,IF(P66=$A$35,$G$35)))) -> 0 | S66: AZ | U66: 1 | V66: =(T66*48)+(U66) -> 1 | W66: =(V66/48) -> 0.020833333 | X66: =(W66/0.033814) -> 0.61611561 | Y66: =(X66*0.03) -> 0.018483468 | Z66: =IF(S66="",0,VLOOKUP(S66,[1]!Costo_Twist,2,FALSE)*W66) -> 2.727462 | AA66: CA | AC66: 4 | AD66: =(AB66*48)+(AC66) -> 4 | AE66: =(AD66/48) -> 0.083333333 | AF66: =(AE66/0.033814) -> 2.4644625 | AG66: =(AF66*0.03) -> 0.073933874 | AH66: =IF(AA66="",0,VLOOKUP(AA66,[1]!Costo_Twist,2,FALSE)*AE66) -> 5.6544539 | AI66: VI | AK66: 5 | AL66: =(AJ66*48)+(AK66) -> 5 | AM66: =(AL66/48) -> 0.10416667 | AN66: =(AM66/0.033814) -> 3.0805781 | AO66: =(AN66*0.03) -> 0.092417342 | AP66: =IF(AI66="",0,VLOOKUP(AI66,[1]!Costo_Twist,2,FALSE)*AM66) -> 21.109205 | AT66: =(AR66*48)+(AS66) -> 0 | AU66: =(AT66/48) -> 0 | AV66: =(AU66/0.033814) -> 0 | AW66: =(AV66*0.03) -> 0 | AX66: =IF(AQ66="",0,VLOOKUP(AQ66,[1]!Costo_Twist,2,FALSE)*AU66) -> 0 | AY66: =(Z66+AH66+AP66+AX66) -> 29.491121 | AZ66: =(W66+AE66+AM66+AU66) -> 0.20833333 | BA66: =(Q66+AZ66) -> 128.20833 | BB66: =IF(BA66>=133,"sobrellenado","ok") -> ok | BC66: =IF((COUNTIF($AA66,$S66)+COUNTIF($AI66,$S66)+COUNTIF($AQ66,$S66)+COUNTIF($S66,$AA66)+COUNTIF($AI66,$AA66)+COUNTIF($AQ66,$AA66)+COUNTIF($S66,$AI66)+COUNTIF($AA66,$AI66)+COUNTIF($AQ66,$AI66)+COUNTIF($S66,$AQ66)+COUNTIF($AA66,$AQ66)+COUNTIF($AI66,$AQ66))>1,"Falla","ok") -> ok | BE66: =IF(S66=$BE$39,X66,IF(AA66=$BE$39,AF66,IF(AI66=$BE$39,AN66,IF(AQ66=$BE$39,AV66)))) -> FALSE | BF66: =IF(S66=$BF$39,X66,IF(AA66=$BF$39,AF66,IF(AI66=$BF$39,AN66,IF(AQ66=$BF$39,AV66)))) -> FALSE | BG66: =IF(S66=$BG$39,X66,IF(AA66=$BG$39,AF66,IF(AI66=$BG$39,AN66,IF(AQ66=$BG$39,AV66)))) -> FALSE | BH66: =IF(S66=$BH$39,X66,IF(AA66=$BH$39,AF66,IF(AI66=$BH$39,AN66,IF(AQ66=$BH$39,AV66)))) -> 0.61611561 | BI66: =IF(S66=$BI$39,X66,IF(AA66=$BI$39,AF66,IF(AI66=$BI$39,AN66,IF(AQ66=$BI$39,AV66)))) -> FALSE | BJ66: =IF(S66=$BJ$39,X66,IF(AA66=$BJ$39,AF66,IF(AI66=$BJ$39,AN66,IF(AQ66=$BJ$39,AV66)))) -> 2.4644625 | BK66: =IF(S66=$BK$39,X66,IF(AA66=$BK$39,AF66,IF(AI66=$BK$39,AN66,IF(AQ66=$BK$39,AV66)))) -> FALSE | BL66: =IF(S66=$BL$39,X66,IF(AA66=$BL$39,AF66,IF(AI66=$BL$39,AN66,IF(AQ66=$BL$39,AV66)))) -> FALSE | BM66: =IF(S66=$BM$39,X66,IF(AA66=$BM$39,AF66,IF(AI66=$BM$39,AN66,IF(AQ66=$BM$39,AV66)))) -> FALSE | BN66: =IF(S66=$BN$39,X66,IF(AA66=$BN$39,AF66,IF(AI66=$BN$39,AN66,IF(AQ66=$BN$39,AV66)))) -> FALSE | BO66: =IF(S66=$BO$39,X66,IF(AA66=$BO$39,AF66,IF(AI66=$BO$39,AN66,IF(AQ66=$BO$39,AV66)))) -> FALSE | BP66: =IF(S66=$BP$39,X66,IF(AA66=$BP$39,AF66,IF(AI66=$BP$39,AN66,IF(AQ66=$BP$39,AV66)))) -> FALSE | BQ66: =IF(S66=$BQ$39,X66,IF(AA66=$BQ$39,AF66,IF(AI66=$BQ$39,AN66,IF(AQ66=$BQ$39,AV66)))) -> FALSE | BR66: =IF(S66=$BR$39,X66,IF(AA66=$BR$39,AF66,IF(AI66=$BR$39,AN66,IF(AQ66=$BR$39,AV66)))) -> 3.0805781
A67: Latex | B67: Latex Experto y Homologos | C67: Millennium | D67: Galon | E67: - | F67: - | G67: CW002W | H67: 238 | I67: 245 | J67: 241 | P67: Blanca | Q67: 128 | R67: =IF(P67=$A$32,$G$32,IF(P67=$A$33,$G$33,IF(P67=$A$34,$G$34,IF(P67=$A$35,$G$35)))) -> 0 | S67: CA | U67: 3 | V67: =(T67*48)+(U67) -> 3 | W67: =(V67/48) -> 0.0625 | X67: =(W67/0.033814) -> 1.8483468 | Y67: =(X67*0.03) -> 0.055450405 | Z67: =IF(S67="",0,VLOOKUP(S67,[1]!Costo_Twist,2,FALSE)*W67) -> 4.2408404 | AA67: VE | AC67: 0.5 | AD67: =(AB67*48)+(AC67) -> 0.5 | AE67: =(AD67/48) -> 0.010416667 | AF67: =(AE67/0.033814) -> 0.30805781 | AG67: =(AF67*0.03) -> 0.0092417342 | AH67: =IF(AA67="",0,VLOOKUP(AA67,[1]!Costo_Twist,2,FALSE)*AE67) -> 1.2449606 | AI67: VI | AK67: 1.5 | AL67: =(AJ67*48)+(AK67) -> 1.5 | AM67: =(AL67/48) -> 0.03125 | AN67: =(AM67/0.033814) -> 0.92417342 | AO67: =(AN67*0.03) -> 0.027725203 | AP67: =IF(AI67="",0,VLOOKUP(AI67,[1]!Costo_Twist,2,FALSE)*AM67) -> 6.3327616 | AT67: =(AR67*48)+(AS67) -> 0 | AU67: =(AT67/48) -> 0 | AV67: =(AU67/0.033814) -> 0 | AW67: =(AV67*0.03) -> 0 | AX67: =IF(AQ67="",0,VLOOKUP(AQ67,[1]!Costo_Twist,2,FALSE)*AU67) -> 0 | AY67: =(Z67+AH67+AP67+AX67) -> 11.818563 | AZ67: =(W67+AE67+AM67+AU67) -> 0.10416667 | BA67: =(Q67+AZ67) -> 128.10417 | BB67: =IF(BA67>=133,"sobrellenado","ok") -> ok | BC67: =IF((COUNTIF($AA67,$S67)+COUNTIF($AI67,$S67)+COUNTIF($AQ67,$S67)+COUNTIF($S67,$AA67)+COUNTIF($AI67,$AA67)+COUNTIF($AQ67,$AA67)+COUNTIF($S67,$AI67)+COUNTIF($AA67,$AI67)+COUNTIF($AQ67,$AI67)+COUNTIF($S67,$AQ67)+COUNTIF($AA67,$AQ67)+COUNTIF($AI67,$AQ67))>1,"Falla","ok") -> ok | BE67: =IF(S67=$BE$39,X67,IF(AA67=$BE$39,AF67,IF(AI67=$BE$39,AN67,IF(AQ67=$BE$39,AV67)))) -> FALSE | BF67: =IF(S67=$BF$39,X67,IF(AA67=$BF$39,AF67,IF(AI67=$BF$39,AN67,IF(AQ67=$BF$39,AV67)))) -> FALSE | BG67: =IF(S67=$BG$39,X67,IF(AA67=$BG$39,AF67,IF(AI67=$BG$39,AN67,IF(AQ67=$BG$39,AV67)))) -> FALSE | BH67: =IF(S67=$BH$39,X67,IF(AA67=$BH$39,AF67,IF(AI67=$BH$39,AN67,IF(AQ67=$BH$39,AV67)))) -> FALSE | BI67: =IF(S67=$BI$39,X67,IF(AA67=$BI$39,AF67,IF(AI67=$BI$39,AN67,IF(AQ67=$BI$39,AV67)))) -> FALSE | BJ67: =IF(S67=$BJ$39,X67,IF(AA67=$BJ$39,AF67,IF(AI67=$BJ$39,AN67,IF(AQ67=$BJ$39,AV67)))) -> 1.8483468 | BK67: =IF(S67=$BK$39,X67,IF(AA67=$BK$39,AF67,IF(AI67=$BK$39,AN67,IF(AQ67=$BK$39,AV67)))) -> FALSE | BL67: =IF(S67=$BL$39,X67,IF(AA67=$BL$39,AF67,IF(AI67=$BL$39,AN67,IF(AQ67=$BL$39,AV67)))) -> FALSE | BM67: =IF(S67=$BM$39,X67,IF(AA67=$BM$39,AF67,IF(AI67=$BM$39,AN67,IF(AQ67=$BM$39,AV67)))) -> FALSE | BN67: =IF(S67=$BN$39,X67,IF(AA67=$BN$39,AF67,IF(AI67=$BN$39,AN67,IF(AQ67=$BN$39,AV67)))) -> FALSE | BO67: =IF(S67=$BO$39,X67,IF(AA67=$BO$39,AF67,IF(AI67=$BO$39,AN67,IF(AQ67=$BO$39,AV67)))) -> FALSE | BP67: =IF(S67=$BP$39,X67,IF(AA67=$BP$39,AF67,IF(AI67=$BP$39,AN67,IF(AQ67=$BP$39,AV67)))) -> FALSE | BQ67: =IF(S67=$BQ$39,X67,IF(AA67=$BQ$39,AF67,IF(AI67=$BQ$39,AN67,IF(AQ67=$BQ$39,AV67)))) -> 0.30805781 | BR67: =IF(S67=$BR$39,X67,IF(AA67=$BR$39,AF67,IF(AI67=$BR$39,AN67,IF(AQ67=$BR$39,AV67)))) -> 0.92417342
A68: Latex | B68: Latex Experto y Homologos | C68: Millennium | D68: Galon | E68: - | F68: - | G68: CW003W | H68: 242 | I68: 246 | J68: 237 | P68: Blanca | Q68: 128 | R68: =IF(P68=$A$32,$G$32,IF(P68=$A$33,$G$33,IF(P68=$A$34,$G$34,IF(P68=$A$35,$G$35)))) -> 0 | S68: CA | U68: 4.5 | V68: =(T68*48)+(U68) -> 4.5 | W68: =(V68/48) -> 0.09375 | X68: =(W68/0.033814) -> 2.7725203 | Y68: =(X68*0.03) -> 0.083175608 | Z68: =IF(S68="",0,VLOOKUP(S68,[1]!Costo_Twist,2,FALSE)*W68) -> 6.3612606 | AA68: VE | AC68: 0.5 | AD68: =(AB68*48)+(AC68) -> 0.5 | AE68: =(AD68/48) -> 0.010416667 | AF68: =(AE68/0.033814) -> 0.30805781 | AG68: =(AF68*0.03) -> 0.0092417342 | AH68: =IF(AA68="",0,VLOOKUP(AA68,[1]!Costo_Twist,2,FALSE)*AE68) -> 1.2449606 | AI68: VI | AK68: 0.5 | AL68: =(AJ68*48)+(AK68) -> 0.5 | AM68: =(AL68/48) -> 0.010416667 | AN68: =(AM68/0.033814) -> 0.30805781 | AO68: =(AN68*0.03) -> 0.0092417342 | AP68: =IF(AI68="",0,VLOOKUP(AI68,[1]!Costo_Twist,2,FALSE)*AM68) -> 2.1109205 | AT68: =(AR68*48)+(AS68) -> 0 | AU68: =(AT68/48) -> 0 | AV68: =(AU68/0.033814) -> 0 | AW68: =(AV68*0.03) -> 0 | AX68: =IF(AQ68="",0,VLOOKUP(AQ68,[1]!Costo_Twist,2,FALSE)*AU68) -> 0 | AY68: =(Z68+AH68+AP68+AX68) -> 9.7171418 | AZ68: =(W68+AE68+AM68+AU68) -> 0.11458333 | BA68: =(Q68+AZ68) -> 128.11458 | BB68: =IF(BA68>=133,"sobrellenado","ok") -> ok | BC68: =IF((COUNTIF($AA68,$S68)+COUNTIF($AI68,$S68)+COUNTIF($AQ68,$S68)+COUNTIF($S68,$AA68)+COUNTIF($AI68,$AA68)+COUNTIF($AQ68,$AA68)+COUNTIF($S68,$AI68)+COUNTIF($AA68,$AI68)+COUNTIF($AQ68,$AI68)+COUNTIF($S68,$AQ68)+COUNTIF($AA68,$AQ68)+COUNTIF($AI68,$AQ68))>1,"Falla","ok") -> ok | BE68: =IF(S68=$BE$39,X68,IF(AA68=$BE$39,AF68,IF(AI68=$BE$39,AN68,IF(AQ68=$BE$39,AV68)))) -> FALSE | BF68: =IF(S68=$BF$39,X68,IF(AA68=$BF$39,AF68,IF(AI68=$BF$39,AN68,IF(AQ68=$BF$39,AV68)))) -> FALSE | BG68: =IF(S68=$BG$39,X68,IF(AA68=$BG$39,AF68,IF(AI68=$BG$39,AN68,IF(AQ68=$BG$39,AV68)))) -> FALSE | BH68: =IF(S68=$BH$39,X68,IF(AA68=$BH$39,AF68,IF(AI68=$BH$39,AN68,IF(AQ68=$BH$39,AV68)))) -> FALSE | BI68: =IF(S68=$BI$39,X68,IF(AA68=$BI$39,AF68,IF(AI68=$BI$39,AN68,IF(AQ68=$BI$39,AV68)))) -> FALSE | BJ68: =IF(S68=$BJ$39,X68,IF(AA68=$BJ$39,AF68,IF(AI68=$BJ$39,AN68,IF(AQ68=$BJ$39,AV68)))) -> 2.7725203 | BK68: =IF(S68=$BK$39,X68,IF(AA68=$BK$39,AF68,IF(AI68=$BK$39,AN68,IF(AQ68=$BK$39,AV68)))) -> FALSE | BL68: =IF(S68=$BL$39,X68,IF(AA68=$BL$39,AF68,IF(AI68=$BL$39,AN68,IF(AQ68=$BL$39,AV68)))) -> FALSE | BM68: =IF(S68=$BM$39,X68,IF(AA68=$BM$39,AF68,IF(AI68=$BM$39,AN68,IF(AQ68=$BM$39,AV68)))) -> FALSE | BN68: =IF(S68=$BN$39,X68,IF(AA68=$BN$39,AF68,IF(AI68=$BN$39,AN68,IF(AQ68=$BN$39,AV68)))) -> FALSE | BO68: =IF(S68=$BO$39,X68,IF(AA68=$BO$39,AF68,IF(AI68=$BO$39,AN68,IF(AQ68=$BO$39,AV68)))) -> FALSE | BP68: =IF(S68=$BP$39,X68,IF(AA68=$BP$39,AF68,IF(AI68=$BP$39,AN68,IF(AQ68=$BP$39,AV68)))) -> FALSE | BQ68: =IF(S68=$BQ$39,X68,IF(AA68=$BQ$39,AF68,IF(AI68=$BQ$39,AN68,IF(AQ68=$BQ$39,AV68)))) -> 0.30805781 | BR68: =IF(S68=$BR$39,X68,IF(AA68=$BR$39,AF68,IF(AI68=$BR$39,AN68,IF(AQ68=$BR$39,AV68)))) -> 0.30805781
A69: Latex | B69: Latex Experto y Homologos | C69: Millennium | D69: Galon | E69: - | F69: - | G69: CW004W | H69: 232 | I69: 242 | J69: 239 | P69: Blanca | Q69: 128 | R69: =IF(P69=$A$32,$G$32,IF(P69=$A$33,$G$33,IF(P69=$A$34,$G$34,IF(P69=$A$35,$G$35)))) -> 0 | S69: AZ | U69: 1 | V69: =(T69*48)+(U69) -> 1 | W69: =(V69/48) -> 0.020833333 | X69: =(W69/0.033814) -> 0.61611561 | Y69: =(X69*0.03) -> 0.018483468 | Z69: =IF(S69="",0,VLOOKUP(S69,[1]!Costo_Twist,2,FALSE)*W69) -> 2.727462 | AA69: CA | AC69: 4 | AD69: =(AB69*48)+(AC69) -> 4 | AE69: =(AD69/48) -> 0.083333333 | AF69: =(AE69/0.033814) -> 2.4644625 | AG69: =(AF69*0.03) -> 0.073933874 | AH69: =IF(AA69="",0,VLOOKUP(AA69,[1]!Costo_Twist,2,FALSE)*AE69) -> 5.6544539 | AI69: VI | AK69: 0.5 | AL69: =(AJ69*48)+(AK69) -> 0.5 | AM69: =(AL69/48) -> 0.010416667 | AN69: =(AM69/0.033814) -> 0.30805781 | AO69: =(AN69*0.03) -> 0.0092417342 | AP69: =IF(AI69="",0,VLOOKUP(AI69,[1]!Costo_Twist,2,FALSE)*AM69) -> 2.1109205 | AT69: =(AR69*48)+(AS69) -> 0 | AU69: =(AT69/48) -> 0 | AV69: =(AU69/0.033814) -> 0 | AW69: =(AV69*0.03) -> 0 | AX69: =IF(AQ69="",0,VLOOKUP(AQ69,[1]!Costo_Twist,2,FALSE)*AU69) -> 0 | AY69: =(Z69+AH69+AP69+AX69) -> 10.492836 | AZ69: =(W69+AE69+AM69+AU69) -> 0.11458333 | BA69: =(Q69+AZ69) -> 128.11458 | BB69: =IF(BA69>=133,"sobrellenado","ok") -> ok | BC69: =IF((COUNTIF($AA69,$S69)+COUNTIF($AI69,$S69)+COUNTIF($AQ69,$S69)+COUNTIF($S69,$AA69)+COUNTIF($AI69,$AA69)+COUNTIF($AQ69,$AA69)+COUNTIF($S69,$AI69)+COUNTIF($AA69,$AI69)+COUNTIF($AQ69,$AI69)+COUNTIF($S69,$AQ69)+COUNTIF($AA69,$AQ69)+COUNTIF($AI69,$AQ69))>1,"Falla","ok") -> ok | BE69: =IF(S69=$BE$39,X69,IF(AA69=$BE$39,AF69,IF(AI69=$BE$39,AN69,IF(AQ69=$BE$39,AV69)))) -> FALSE | BF69: =IF(S69=$BF$39,X69,IF(AA69=$BF$39,AF69,IF(AI69=$BF$39,AN69,IF(AQ69=$BF$39,AV69)))) -> FALSE | BG69: =IF(S69=$BG$39,X69,IF(AA69=$BG$39,AF69,IF(AI69=$BG$39,AN69,IF(AQ69=$BG$39,AV69)))) -> FALSE | BH69: =IF(S69=$BH$39,X69,IF(AA69=$BH$39,AF69,IF(AI69=$BH$39,AN69,IF(AQ69=$BH$39,AV69)))) -> 0.61611561 | BI69: =IF(S69=$BI$39,X69,IF(AA69=$BI$39,AF69,IF(AI69=$BI$39,AN69,IF(AQ69=$BI$39,AV69)))) -> FALSE | BJ69: =IF(S69=$BJ$39,X69,IF(AA69=$BJ$39,AF69,IF(AI69=$BJ$39,AN69,IF(AQ69=$BJ$39,AV69)))) -> 2.4644625 | BK69: =IF(S69=$BK$39,X69,IF(AA69=$BK$39,AF69,IF(AI69=$BK$39,AN69,IF(AQ69=$BK$39,AV69)))) -> FALSE | BL69: =IF(S69=$BL$39,X69,IF(AA69=$BL$39,AF69,IF(AI69=$BL$39,AN69,IF(AQ69=$BL$39,AV69)))) -> FALSE | BM69: =IF(S69=$BM$39,X69,IF(AA69=$BM$39,AF69,IF(AI69=$BM$39,AN69,IF(AQ69=$BM$39,AV69)))) -> FALSE | BN69: =IF(S69=$BN$39,X69,IF(AA69=$BN$39,AF69,IF(AI69=$BN$39,AN69,IF(AQ69=$BN$39,AV69)))) -> FALSE | BO69: =IF(S69=$BO$39,X69,IF(AA69=$BO$39,AF69,IF(AI69=$BO$39,AN69,IF(AQ69=$BO$39,AV69)))) -> FALSE | BP69: =IF(S69=$BP$39,X69,IF(AA69=$BP$39,AF69,IF(AI69=$BP$39,AN69,IF(AQ69=$BP$39,AV69)))) -> FALSE | BQ69: =IF(S69=$BQ$39,X69,IF(AA69=$BQ$39,AF69,IF(AI69=$BQ$39,AN69,IF(AQ69=$BQ$39,AV69)))) -> FALSE | BR69: =IF(S69=$BR$39,X69,IF(AA69=$BR$39,AF69,IF(AI69=$BR$39,AN69,IF(AQ69=$BR$39,AV69)))) -> 0.30805781
A70: Latex | B70: Latex Experto y Homologos | C70: Millennium | D70: Galon | E70: - | F70: - | G70: CW005W | H70: 232 | I70: 238 | J70: 232 | P70: Blanca | Q70: 128 | R70: =IF(P70=$A$32,$G$32,IF(P70=$A$33,$G$33,IF(P70=$A$34,$G$34,IF(P70=$A$35,$G$35)))) -> 0 | S70: NE | U70: 3.5 | V70: =(T70*48)+(U70) -> 3.5 | W70: =(V70/48) -> 0.072916667 | X70: =(W70/0.033814) -> 2.1564046 | Y70: =(X70*0.03) -> 0.064692139 | Z70: =IF(S70="",0,VLOOKUP(S70,[1]!Costo_Twist,2,FALSE)*W70) -> 9.0537673 | AA70: AZ | AC70: 0.5 | AD70: =(AB70*48)+(AC70) -> 0.5 | AE70: =(AD70/48) -> 0.010416667 | AF70: =(AE70/0.033814) -> 0.30805781 | AG70: =(AF70*0.03) -> 0.0092417342 | AH70: =IF(AA70="",0,VLOOKUP(AA70,[1]!Costo_Twist,2,FALSE)*AE70) -> 1.363731 | AI70: OC | AK70: 1.5 | AL70: =(AJ70*48)+(AK70) -> 1.5 | AM70: =(AL70/48) -> 0.03125 | AN70: =(AM70/0.033814) -> 0.92417342 | AO70: =(AN70*0.03) -> 0.027725203 | AP70: =IF(AI70="",0,VLOOKUP(AI70,[1]!Costo_Twist,2,FALSE)*AM70) -> 4.5756942 | AT70: =(AR70*48)+(AS70) -> 0 | AU70: =(AT70/48) -> 0 | AV70: =(AU70/0.033814) -> 0 | AW70: =(AV70*0.03) -> 0 | AX70: =IF(AQ70="",0,VLOOKUP(AQ70,[1]!Costo_Twist,2,FALSE)*AU70) -> 0 | AY70: =(Z70+AH70+AP70+AX70) -> 14.993193 | AZ70: =(W70+AE70+AM70+AU70) -> 0.11458333 | BA70: =(Q70+AZ70) -> 128.11458 | BB70: =IF(BA70>=133,"sobrellenado","ok") -> ok | BC70: =IF((COUNTIF($AA70,$S70)+COUNTIF($AI70,$S70)+COUNTIF($AQ70,$S70)+COUNTIF($S70,$AA70)+COUNTIF($AI70,$AA70)+COUNTIF($AQ70,$AA70)+COUNTIF($S70,$AI70)+COUNTIF($AA70,$AI70)+COUNTIF($AQ70,$AI70)+COUNTIF($S70,$AQ70)+COUNTIF($AA70,$AQ70)+COUNTIF($AI70,$AQ70))>1,"Falla","ok") -> ok | BE70: =IF(S70=$BE$39,X70,IF(AA70=$BE$39,AF70,IF(AI70=$BE$39,AN70,IF(AQ70=$BE$39,AV70)))) -> FALSE | BF70: =IF(S70=$BF$39,X70,IF(AA70=$BF$39,AF70,IF(AI70=$BF$39,AN70,IF(AQ70=$BF$39,AV70)))) -> FALSE | BG70: =IF(S70=$BG$39,X70,IF(AA70=$BG$39,AF70,IF(AI70=$BG$39,AN70,IF(AQ70=$BG$39,AV70)))) -> FALSE | BH70: =IF(S70=$BH$39,X70,IF(AA70=$BH$39,AF70,IF(AI70=$BH$39,AN70,IF(AQ70=$BH$39,AV70)))) -> 0.30805781 | BI70: =IF(S70=$BI$39,X70,IF(AA70=$BI$39,AF70,IF(AI70=$BI$39,AN70,IF(AQ70=$BI$39,AV70)))) -> FALSE | BJ70: =IF(S70=$BJ$39,X70,IF(AA70=$BJ$39,AF70,IF(AI70=$BJ$39,AN70,IF(AQ70=$BJ$39,AV70)))) -> FALSE | BK70: =IF(S70=$BK$39,X70,IF(AA70=$BK$39,AF70,IF(AI70=$BK$39,AN70,IF(AQ70=$BK$39,AV70)))) -> FALSE | BL70: =IF(S70=$BL$39,X70,IF(AA70=$BL$39,AF70,IF(AI70=$BL$39,AN70,IF(AQ70=$BL$39,AV70)))) -> 2.1564046 | BM70: =IF(S70=$BM$39,X70,IF(AA70=$BM$39,AF70,IF(AI70=$BM$39,AN70,IF(AQ70=$BM$39,AV70)))) -> 0.92417342 | BN70: =IF(S70=$BN$39,X70,IF(AA70=$BN$39,AF70,IF(AI70=$BN$39,AN70,IF(AQ70=$BN$39,AV70)))) -> FALSE | BO70: =IF(S70=$BO$39,X70,IF(AA70=$BO$39,AF70,IF(AI70=$BO$39,AN70,IF(AQ70=$BO$39,AV70)))) -> FALSE | BP70: =IF(S70=$BP$39,X70,IF(AA70=$BP$39,AF70,IF(AI70=$BP$39,AN70,IF(AQ70=$BP$39,AV70)))) -> FALSE | BQ70: =IF(S70=$BQ$39,X70,IF(AA70=$BQ$39,AF70,IF(AI70=$BQ$39,AN70,IF(AQ70=$BQ$39,AV70)))) -> FALSE | BR70: =IF(S70=$BR$39,X70,IF(AA70=$BR$39,AF70,IF(AI70=$BR$39,AN70,IF(AQ70=$BR$39,AV70)))) -> FALSE
A71: Latex | B71: Latex Experto y Homologos | C71: Millennium | D71: Galon | E71: - | F71: - | G71: CW006W | H71: 231 | I71: 235 | J71: 229 | P71: Blanca | Q71: 128 | R71: =IF(P71=$A$32,$G$32,IF(P71=$A$33,$G$33,IF(P71=$A$34,$G$34,IF(P71=$A$35,$G$35)))) -> 0 | S71: NE | U71: 2 | V71: =(T71*48)+(U71) -> 2 | W71: =(V71/48) -> 0.041666667 | X71: =(W71/0.033814) -> 1.2322312 | Y71: =(X71*0.03) -> 0.036966937 | Z71: =IF(S71="",0,VLOOKUP(S71,[1]!Costo_Twist,2,FALSE)*W71) -> 5.1735813 | AA71: AZ | AC71: 0.5 | AD71: =(AB71*48)+(AC71) -> 0.5 | AE71: =(AD71/48) -> 0.010416667 | AF71: =(AE71/0.033814) -> 0.30805781 | AG71: =(AF71*0.03) -> 0.0092417342 | AH71: =IF(AA71="",0,VLOOKUP(AA71,[1]!Costo_Twist,2,FALSE)*AE71) -> 1.363731 | AI71: CA | AK71: 7 | AL71: =(AJ71*48)+(AK71) -> 7 | AM71: =(AL71/48) -> 0.14583333 | AN71: =(AM71/0.033814) -> 4.3128093 | AO71: =(AN71*0.03) -> 0.12938428 | AP71: =IF(AI71="",0,VLOOKUP(AI71,[1]!Costo_Twist,2,FALSE)*AM71) -> 9.8952943 | AT71: =(AR71*48)+(AS71) -> 0 | AU71: =(AT71/48) -> 0 | AV71: =(AU71/0.033814) -> 0 | AW71: =(AV71*0.03) -> 0 | AX71: =IF(AQ71="",0,VLOOKUP(AQ71,[1]!Costo_Twist,2,FALSE)*AU71) -> 0 | AY71: =(Z71+AH71+AP71+AX71) -> 16.432607 | AZ71: =(W71+AE71+AM71+AU71) -> 0.19791667 | BA71: =(Q71+AZ71) -> 128.19792 | BB71: =IF(BA71>=133,"sobrellenado","ok") -> ok | BC71: =IF((COUNTIF($AA71,$S71)+COUNTIF($AI71,$S71)+COUNTIF($AQ71,$S71)+COUNTIF($S71,$AA71)+COUNTIF($AI71,$AA71)+COUNTIF($AQ71,$AA71)+COUNTIF($S71,$AI71)+COUNTIF($AA71,$AI71)+COUNTIF($AQ71,$AI71)+COUNTIF($S71,$AQ71)+COUNTIF($AA71,$AQ71)+COUNTIF($AI71,$AQ71))>1,"Falla","ok") -> ok | BE71: =IF(S71=$BE$39,X71,IF(AA71=$BE$39,AF71,IF(AI71=$BE$39,AN71,IF(AQ71=$BE$39,AV71)))) -> FALSE | BF71: =IF(S71=$BF$39,X71,IF(AA71=$BF$39,AF71,IF(AI71=$BF$39,AN71,IF(AQ71=$BF$39,AV71)))) -> FALSE | BG71: =IF(S71=$BG$39,X71,IF(AA71=$BG$39,AF71,IF(AI71=$BG$39,AN71,IF(AQ71=$BG$39,AV71)))) -> FALSE | BH71: =IF(S71=$BH$39,X71,IF(AA71=$BH$39,AF71,IF(AI71=$BH$39,AN71,IF(AQ71=$BH$39,AV71)))) -> 0.30805781 | BI71: =IF(S71=$BI$39,X71,IF(AA71=$BI$39,AF71,IF(AI71=$BI$39,AN71,IF(AQ71=$BI$39,AV71)))) -> FALSE | BJ71: =IF(S71=$BJ$39,X71,IF(AA71=$BJ$39,AF71,IF(AI71=$BJ$39,AN71,IF(AQ71=$BJ$39,AV71)))) -> 4.3128093 | BK71: =IF(S71=$BK$39,X71,IF(AA71=$BK$39,AF71,IF(AI71=$BK$39,AN71,IF(AQ71=$BK$39,AV71)))) -> FALSE | BL71: =IF(S71=$BL$39,X71,IF(AA71=$BL$39,AF71,IF(AI71=$BL$39,AN71,IF(AQ71=$BL$39,AV71)))) -> 1.2322312 | BM71: =IF(S71=$BM$39,X71,IF(AA71=$BM$39,AF71,IF(AI71=$BM$39,AN71,IF(AQ71=$BM$39,AV71)))) -> FALSE | BN71: =IF(S71=$BN$39,X71,IF(AA71=$BN$39,AF71,IF(AI71=$BN$39,AN71,IF(AQ71=$BN$39,AV71)))) -> FALSE | BO71: =IF(S71=$BO$39,X71,IF(AA71=$BO$39,AF71,IF(AI71=$BO$39,AN71,IF(AQ71=$BO$39,AV71)))) -> FALSE | BP71: =IF(S71=$BP$39,X71,IF(AA71=$BP$39,AF71,IF(AI71=$BP$39,AN71,IF(AQ71=$BP$39,AV71)))) -> FALSE | BQ71: =IF(S71=$BQ$39,X71,IF(AA71=$BQ$39,AF71,IF(AI71=$BQ$39,AN71,IF(AQ71=$BQ$39,AV71)))) -> FALSE | BR71: =IF(S71=$BR$39,X71,IF(AA71=$BR$39,AF71,IF(AI71=$BR$39,AN71,IF(AQ71=$BR$39,AV71)))) -> FALSE
A72: Latex | B72: Latex Experto y Homologos | C72: Millennium | D72: Galon | E72: - | F72: - | G72: CW007W | H72: 228 | I72: 243 | J72: 244 | P72: Blanca | Q72: 128 | R72: =IF(P72=$A$32,$G$32,IF(P72=$A$33,$G$33,IF(P72=$A$34,$G$34,IF(P72=$A$35,$G$35)))) -> 0 | S72: AZ | U72: 2.5 | V72: =(T72*48)+(U72) -> 2.5 | W72: =(V72/48) -> 0.052083333 | X72: =(W72/0.033814) -> 1.540289 | Y72: =(X72*0.03) -> 0.046208671 | Z72: =IF(S72="",0,VLOOKUP(S72,[1]!Costo_Twist,2,FALSE)*W72) -> 6.8186551 | AA72: MA | AC72: 1.5 | AD72: =(AB72*48)+(AC72) -> 1.5 | AE72: =(AD72/48) -> 0.03125 | AF72: =(AE72/0.033814) -> 0.92417342 | AG72: =(AF72*0.03) -> 0.027725203 | AH72: =IF(AA72="",0,VLOOKUP(AA72,[1]!Costo_Twist,2,FALSE)*AE72) -> 9.0781818 | AI72: OC | AK72: 1 | AL72: =(AJ72*48)+(AK72) -> 1 | AM72: =(AL72/48) -> 0.020833333 | AN72: =(AM72/0.033814) -> 0.61611561 | AO72: =(AN72*0.03) -> 0.018483468 | AP72: =IF(AI72="",0,VLOOKUP(AI72,[1]!Costo_Twist,2,FALSE)*AM72) -> 3.0504628 | AT72: =(AR72*48)+(AS72) -> 0 | AU72: =(AT72/48) -> 0 | AV72: =(AU72/0.033814) -> 0 | AW72: =(AV72*0.03) -> 0 | AX72: =IF(AQ72="",0,VLOOKUP(AQ72,[1]!Costo_Twist,2,FALSE)*AU72) -> 0 | AY72: =(Z72+AH72+AP72+AX72) -> 18.9473 | AZ72: =(W72+AE72+AM72+AU72) -> 0.10416667 | BA72: =(Q72+AZ72) -> 128.10417 | BB72: =IF(BA72>=133,"sobrellenado","ok") -> ok | BC72: =IF((COUNTIF($AA72,$S72)+COUNTIF($AI72,$S72)+COUNTIF($AQ72,$S72)+COUNTIF($S72,$AA72)+COUNTIF($AI72,$AA72)+COUNTIF($AQ72,$AA72)+COUNTIF($S72,$AI72)+COUNTIF($AA72,$AI72)+COUNTIF($AQ72,$AI72)+COUNTIF($S72,$AQ72)+COUNTIF($AA72,$AQ72)+COUNTIF($AI72,$AQ72))>1,"Falla","ok") -> ok | BE72: =IF(S72=$BE$39,X72,IF(AA72=$BE$39,AF72,IF(AI72=$BE$39,AN72,IF(AQ72=$BE$39,AV72)))) -> FALSE | BF72: =IF(S72=$BF$39,X72,IF(AA72=$BF$39,AF72,IF(AI72=$BF$39,AN72,IF(AQ72=$BF$39,AV72)))) -> FALSE | BG72: =IF(S72=$BG$39,X72,IF(AA72=$BG$39,AF72,IF(AI72=$BG$39,AN72,IF(AQ72=$BG$39,AV72)))) -> FALSE | BH72: =IF(S72=$BH$39,X72,IF(AA72=$BH$39,AF72,IF(AI72=$BH$39,AN72,IF(AQ72=$BH$39,AV72)))) -> 1.540289 | BI72: =IF(S72=$BI$39,X72,IF(AA72=$BI$39,AF72,IF(AI72=$BI$39,AN72,IF(AQ72=$BI$39,AV72)))) -> FALSE | BJ72: =IF(S72=$BJ$39,X72,IF(AA72=$BJ$39,AF72,IF(AI72=$BJ$39,AN72,IF(AQ72=$BJ$39,AV72)))) -> FALSE | BK72: =IF(S72=$BK$39,X72,IF(AA72=$BK$39,AF72,IF(AI72=$BK$39,AN72,IF(AQ72=$BK$39,AV72)))) -> 0.92417342 | BL72: =IF(S72=$BL$39,X72,IF(AA72=$BL$39,AF72,IF(AI72=$BL$39,AN72,IF(AQ72=$BL$39,AV72)))) -> FALSE | BM72: =IF(S72=$BM$39,X72,IF(AA72=$BM$39,AF72,IF(AI72=$BM$39,AN72,IF(AQ72=$BM$39,AV72)))) -> 0.61611561 | BN72: =IF(S72=$BN$39,X72,IF(AA72=$BN$39,AF72,IF(AI72=$BN$39,AN72,IF(AQ72=$BN$39,AV72)))) -> FALSE | BO72: =IF(S72=$BO$39,X72,IF(AA72=$BO$39,AF72,IF(AI72=$BO$39,AN72,IF(AQ72=$BO$39,AV72)))) -> FALSE | BP72: =IF(S72=$BP$39,X72,IF(AA72=$BP$39,AF72,IF(AI72=$BP$39,AN72,IF(AQ72=$BP$39,AV72)))) -> FALSE | BQ72: =IF(S72=$BQ$39,X72,IF(AA72=$BQ$39,AF72,IF(AI72=$BQ$39,AN72,IF(AQ72=$BQ$39,AV72)))) -> FALSE | BR72: =IF(S72=$BR$39,X72,IF(AA72=$BR$39,AF72,IF(AI72=$BR$39,AN72,IF(AQ72=$BR$39,AV72)))) -> FALSE
A73: Latex | B73: Latex Experto y Homologos | C73: Millennium | D73: Galon | E73: - | F73: - | G73: CW008W | H73: 237 | I73: 247 | J73: 242 | P73: Blanca | Q73: 128 | R73: =IF(P73=$A$32,$G$32,IF(P73=$A$33,$G$33,IF(P73=$A$34,$G$34,IF(P73=$A$35,$G$35)))) -> 0 | S73: AZ | U73: 1 | V73: =(T73*48)+(U73) -> 1 | W73: =(V73/48) -> 0.020833333 | X73: =(W73/0.033814) -> 0.61611561 | Y73: =(X73*0.03) -> 0.018483468 | Z73: =IF(S73="",0,VLOOKUP(S73,[1]!Costo_Twist,2,FALSE)*W73) -> 2.727462 | AA73: CA | AC73: 3.5 | AD73: =(AB73*48)+(AC73) -> 3.5 | AE73: =(AD73/48) -> 0.072916667 | AF73: =(AE73/0.033814) -> 2.1564046 | AG73: =(AF73*0.03) -> 0.064692139 | AH73: =IF(AA73="",0,VLOOKUP(AA73,[1]!Costo_Twist,2,FALSE)*AE73) -> 4.9476471 | AL73: =(AJ73*48)+(AK73) -> 0 | AM73: =(AL73/48) -> 0 | AN73: =(AM73/0.033814) -> 0 | AO73: =(AN73*0.03) -> 0 | AP73: =IF(AI73="",0,VLOOKUP(AI73,[1]!Costo_Twist,2,FALSE)*AM73) -> 0 | AT73: =(AR73*48)+(AS73) -> 0 | AU73: =(AT73/48) -> 0 | AV73: =(AU73/0.033814) -> 0 | AW73: =(AV73*0.03) -> 0 | AX73: =IF(AQ73="",0,VLOOKUP(AQ73,[1]!Costo_Twist,2,FALSE)*AU73) -> 0 | AY73: =(Z73+AH73+AP73+AX73) -> 7.6751092 | AZ73: =(W73+AE73+AM73+AU73) -> 0.09375 | BA73: =(Q73+AZ73) -> 128.09375 | BB73: =IF(BA73>=133,"sobrellenado","ok") -> ok | BC73: =IF((COUNTIF($AA73,$S73)+COUNTIF($AI73,$S73)+COUNTIF($AQ73,$S73)+COUNTIF($S73,$AA73)+COUNTIF($AI73,$AA73)+COUNTIF($AQ73,$AA73)+COUNTIF($S73,$AI73)+COUNTIF($AA73,$AI73)+COUNTIF($AQ73,$AI73)+COUNTIF($S73,$AQ73)+COUNTIF($AA73,$AQ73)+COUNTIF($AI73,$AQ73))>1,"Falla","ok") -> ok | BE73: =IF(S73=$BE$39,X73,IF(AA73=$BE$39,AF73,IF(AI73=$BE$39,AN73,IF(AQ73=$BE$39,AV73)))) -> FALSE | BF73: =IF(S73=$BF$39,X73,IF(AA73=$BF$39,AF73,IF(AI73=$BF$39,AN73,IF(AQ73=$BF$39,AV73)))) -> FALSE | BG73: =IF(S73=$BG$39,X73,IF(AA73=$BG$39,AF73,IF(AI73=$BG$39,AN73,IF(AQ73=$BG$39,AV73)))) -> FALSE | BH73: =IF(S73=$BH$39,X73,IF(AA73=$BH$39,AF73,IF(AI73=$BH$39,AN73,IF(AQ73=$BH$39,AV73)))) -> 0.61611561 | BI73: =IF(S73=$BI$39,X73,IF(AA73=$BI$39,AF73,IF(AI73=$BI$39,AN73,IF(AQ73=$BI$39,AV73)))) -> FALSE | BJ73: =IF(S73=$BJ$39,X73,IF(AA73=$BJ$39,AF73,IF(AI73=$BJ$39,AN73,IF(AQ73=$BJ$39,AV73)))) -> 2.1564046 | BK73: =IF(S73=$BK$39,X73,IF(AA73=$BK$39,AF73,IF(AI73=$BK$39,AN73,IF(AQ73=$BK$39,AV73)))) -> FALSE | BL73: =IF(S73=$BL$39,X73,IF(AA73=$BL$39,AF73,IF(AI73=$BL$39,AN73,IF(AQ73=$BL$39,AV73)))) -> FALSE | BM73: =IF(S73=$BM$39,X73,IF(AA73=$BM$39,AF73,IF(AI73=$BM$39,AN73,IF(AQ73=$BM$39,AV73)))) -> FALSE | BN73: =IF(S73=$BN$39,X73,IF(AA73=$BN$39,AF73,IF(AI73=$BN$39,AN73,IF(AQ73=$BN$39,AV73)))) -> FALSE | BO73: =IF(S73=$BO$39,X73,IF(AA73=$BO$39,AF73,IF(AI73=$BO$39,AN73,IF(AQ73=$BO$39,AV73)))) -> FALSE | BP73: =IF(S73=$BP$39,X73,IF(AA73=$BP$39,AF73,IF(AI73=$BP$39,AN73,IF(AQ73=$BP$39,AV73)))) -> FALSE | BQ73: =IF(S73=$BQ$39,X73,IF(AA73=$BQ$39,AF73,IF(AI73=$BQ$39,AN73,IF(AQ73=$BQ$39,AV73)))) -> FALSE | BR73: =IF(S73=$BR$39,X73,IF(AA73=$BR$39,AF73,IF(AI73=$BR$39,AN73,IF(AQ73=$BR$39,AV73)))) -> FALSE
A74: Latex | B74: Latex Experto y Homologos | C74: Millennium | D74: Galon | E74: - | F74: - | G74: CW009W | H74: 240 | I74: 250 | J74: 242 | P74: Blanca | Q74: 128 | R74: =IF(P74=$A$32,$G$32,IF(P74=$A$33,$G$33,IF(P74=$A$34,$G$34,IF(P74=$A$35,$G$35)))) -> 0 | S74: CA | U74: 2.5 | V74: =(T74*48)+(U74) -> 2.5 | W74: =(V74/48) -> 0.052083333 | X74: =(W74/0.033814) -> 1.540289 | Y74: =(X74*0.03) -> 0.046208671 | Z74: =IF(S74="",0,VLOOKUP(S74,[1]!Costo_Twist,2,FALSE)*W74) -> 3.5340337 | AA74: VE | AC74: 1 | AD74: =(AB74*48)+(AC74) -> 1 | AE74: =(AD74/48) -> 0.020833333 | AF74: =(AE74/0.033814) -> 0.61611561 | AG74: =(AF74*0.03) -> 0.018483468 | AH74: =IF(AA74="",0,VLOOKUP(AA74,[1]!Costo_Twist,2,FALSE)*AE74) -> 2.4899212 | AI74: VI | AK74: 0.5 | AL74: =(AJ74*48)+(AK74) -> 0.5 | AM74: =(AL74/48) -> 0.010416667 | AN74: =(AM74/0.033814) -> 0.30805781 | AO74: =(AN74*0.03) -> 0.0092417342 | AP74: =IF(AI74="",0,VLOOKUP(AI74,[1]!Costo_Twist,2,FALSE)*AM74) -> 2.1109205 | AT74: =(AR74*48)+(AS74) -> 0 | AU74: =(AT74/48) -> 0 | AV74: =(AU74/0.033814) -> 0 | AW74: =(AV74*0.03) -> 0 | AX74: =IF(AQ74="",0,VLOOKUP(AQ74,[1]!Costo_Twist,2,FALSE)*AU74) -> 0 | AY74: =(Z74+AH74+AP74+AX74) -> 8.1348755 | AZ74: =(W74+AE74+AM74+AU74) -> 0.083333333 | BA74: =(Q74+AZ74) -> 128.08333 | BB74: =IF(BA74>=133,"sobrellenado","ok") -> ok | BC74: =IF((COUNTIF($AA74,$S74)+COUNTIF($AI74,$S74)+COUNTIF($AQ74,$S74)+COUNTIF($S74,$AA74)+COUNTIF($AI74,$AA74)+COUNTIF($AQ74,$AA74)+COUNTIF($S74,$AI74)+COUNTIF($AA74,$AI74)+COUNTIF($AQ74,$AI74)+COUNTIF($S74,$AQ74)+COUNTIF($AA74,$AQ74)+COUNTIF($AI74,$AQ74))>1,"Falla","ok") -> ok | BE74: =IF(S74=$BE$39,X74,IF(AA74=$BE$39,AF74,IF(AI74=$BE$39,AN74,IF(AQ74=$BE$39,AV74)))) -> FALSE | BF74: =IF(S74=$BF$39,X74,IF(AA74=$BF$39,AF74,IF(AI74=$BF$39,AN74,IF(AQ74=$BF$39,AV74)))) -> FALSE | BG74: =IF(S74=$BG$39,X74,IF(AA74=$BG$39,AF74,IF(AI74=$BG$39,AN74,IF(AQ74=$BG$39,AV74)))) -> FALSE | BH74: =IF(S74=$BH$39,X74,IF(AA74=$BH$39,AF74,IF(AI74=$BH$39,AN74,IF(AQ74=$BH$39,AV74)))) -> FALSE | BI74: =IF(S74=$BI$39,X74,IF(AA74=$BI$39,AF74,IF(AI74=$BI$39,AN74,IF(AQ74=$BI$39,AV74)))) -> FALSE | BJ74: =IF(S74=$BJ$39,X74,IF(AA74=$BJ$39,AF74,IF(AI74=$BJ$39,AN74,IF(AQ74=$BJ$39,AV74)))) -> 1.540289 | BK74: =IF(S74=$BK$39,X74,IF(AA74=$BK$39,AF74,IF(AI74=$BK$39,AN74,IF(AQ74=$BK$39,AV74)))) -> FALSE | BL74: =IF(S74=$BL$39,X74,IF(AA74=$BL$39,AF74,IF(AI74=$BL$39,AN74,IF(AQ74=$BL$39,AV74)))) -> FALSE | BM74: =IF(S74=$BM$39,X74,IF(AA74=$BM$39,AF74,IF(AI74=$BM$39,AN74,IF(AQ74=$BM$39,AV74)))) -> FALSE | BN74: =IF(S74=$BN$39,X74,IF(AA74=$BN$39,AF74,IF(AI74=$BN$39,AN74,IF(AQ74=$BN$39,AV74)))) -> FALSE | BO74: =IF(S74=$BO$39,X74,IF(AA74=$BO$39,AF74,IF(AI74=$BO$39,AN74,IF(AQ74=$BO$39,AV74)))) -> FALSE | BP74: =IF(S74=$BP$39,X74,IF(AA74=$BP$39,AF74,IF(AI74=$BP$39,AN74,IF(AQ74=$BP$39,AV74)))) -> FALSE | BQ74: =IF(S74=$BQ$39,X74,IF(AA74=$BQ$39,AF74,IF(AI74=$BQ$39,AN74,IF(AQ74=$BQ$39,AV74)))) -> 0.61611561 | BR74: =IF(S74=$BR$39,X74,IF(AA74=$BR$39,AF74,IF(AI74=$BR$39,AN74,IF(AQ74=$BR$39,AV74)))) -> 0.30805781
A75: Latex | B75: Latex Experto y Homologos | C75: Millennium | D75: Galon | E75: - | F75: - | G75: CW010W | H75: 228 | I75: 241 | J75: 234 | P75: Blanca | Q75: 128 | R75: =IF(P75=$A$32,$G$32,IF(P75=$A$33,$G$33,IF(P75=$A$34,$G$34,IF(P75=$A$35,$G$35)))) -> 0 | S75: AZ | U75: 2 | V75: =(T75*48)+(U75) -> 2 | W75: =(V75/48) -> 0.041666667 | X75: =(W75/0.033814) -> 1.2322312 | Y75: =(X75*0.03) -> 0.036966937 | Z75: =IF(S75="",0,VLOOKUP(S75,[1]!Costo_Twist,2,FALSE)*W75) -> 5.4549241 | AA75: VI | AC75: 1.5 | AD75: =(AB75*48)+(AC75) -> 1.5 | AE75: =(AD75/48) -> 0.03125 | AF75: =(AE75/0.033814) -> 0.92417342 | AG75: =(AF75*0.03) -> 0.027725203 | AH75: =IF(AA75="",0,VLOOKUP(AA75,[1]!Costo_Twist,2,FALSE)*AE75) -> 6.3327616 | AI75: OC | AK75: 2.5 | AL75: =(AJ75*48)+(AK75) -> 2.5 | AM75: =(AL75/48) -> 0.052083333 | AN75: =(AM75/0.033814) -> 1.540289 | AO75: =(AN75*0.03) -> 0.046208671 | AP75: =IF(AI75="",0,VLOOKUP(AI75,[1]!Costo_Twist,2,FALSE)*AM75) -> 7.626157 | AT75: =(AR75*48)+(AS75) -> 0 | AU75: =(AT75/48) -> 0 | AV75: =(AU75/0.033814) -> 0 | AW75: =(AV75*0.03) -> 0 | AX75: =IF(AQ75="",0,VLOOKUP(AQ75,[1]!Costo_Twist,2,FALSE)*AU75) -> 0 | AY75: =(Z75+AH75+AP75+AX75) -> 19.413843 | AZ75: =(W75+AE75+AM75+AU75) -> 0.125 | BA75: =(Q75+AZ75) -> 128.125 | BB75: =IF(BA75>=133,"sobrellenado","ok") -> ok | BC75: =IF((COUNTIF($AA75,$S75)+COUNTIF($AI75,$S75)+COUNTIF($AQ75,$S75)+COUNTIF($S75,$AA75)+COUNTIF($AI75,$AA75)+COUNTIF($AQ75,$AA75)+COUNTIF($S75,$AI75)+COUNTIF($AA75,$AI75)+COUNTIF($AQ75,$AI75)+COUNTIF($S75,$AQ75)+COUNTIF($AA75,$AQ75)+COUNTIF($AI75,$AQ75))>1,"Falla","ok") -> ok | BE75: =IF(S75=$BE$39,X75,IF(AA75=$BE$39,AF75,IF(AI75=$BE$39,AN75,IF(AQ75=$BE$39,AV75)))) -> FALSE | BF75: =IF(S75=$BF$39,X75,IF(AA75=$BF$39,AF75,IF(AI75=$BF$39,AN75,IF(AQ75=$BF$39,AV75)))) -> FALSE | BG75: =IF(S75=$BG$39,X75,IF(AA75=$BG$39,AF75,IF(AI75=$BG$39,AN75,IF(AQ75=$BG$39,AV75)))) -> FALSE | BH75: =IF(S75=$BH$39,X75,IF(AA75=$BH$39,AF75,IF(AI75=$BH$39,AN75,IF(AQ75=$BH$39,AV75)))) -> 1.2322312 | BI75: =IF(S75=$BI$39,X75,IF(AA75=$BI$39,AF75,IF(AI75=$BI$39,AN75,IF(AQ75=$BI$39,AV75)))) -> FALSE | BJ75: =IF(S75=$BJ$39,X75,IF(AA75=$BJ$39,AF75,IF(AI75=$BJ$39,AN75,IF(AQ75=$BJ$39,AV75)))) -> FALSE | BK75: =IF(S75=$BK$39,X75,IF(AA75=$BK$39,AF75,IF(AI75=$BK$39,AN75,IF(AQ75=$BK$39,AV75)))) -> FALSE | BL75: =IF(S75=$BL$39,X75,IF(AA75=$BL$39,AF75,IF(AI75=$BL$39,AN75,IF(AQ75=$BL$39,AV75)))) -> FALSE | BM75: =IF(S75=$BM$39,X75,IF(AA75=$BM$39,AF75,IF(AI75=$BM$39,AN75,IF(AQ75=$BM$39,AV75)))) -> 1.540289 | BN75: =IF(S75=$BN$39,X75,IF(AA75=$BN$39,AF75,IF(AI75=$BN$39,AN75,IF(AQ75=$BN$39,AV75)))) -> FALSE | BO75: =IF(S75=$BO$39,X75,IF(AA75=$BO$39,AF75,IF(AI75=$BO$39,AN75,IF(AQ75=$BO$39,AV75)))) -> FALSE | BP75: =IF(S75=$BP$39,X75,IF(AA75=$BP$39,AF75,IF(AI75=$BP$39,AN75,IF(AQ75=$BP$39,AV75)))) -> FALSE | BQ75: =IF(S75=$BQ$39,X75,IF(AA75=$BQ$39,AF75,IF(AI75=$BQ$39,AN75,IF(AQ75=$BQ$39,AV75)))) -> FALSE | BR75: =IF(S75=$BR$39,X75,IF(AA75=$BR$39,AF75,IF(AI75=$BR$39,AN75,IF(AQ75=$BR$39,AV75)))) -> 0.92417342
A76: Latex | B76: Latex Experto y Homologos | C76: Millennium | D76: Galon | E76: - | F76: - | G76: CW011W | H76: 230 | I76: 240 | J76: 232 | P76: Blanca | Q76: 128 | R76: =IF(P76=$A$32,$G$32,IF(P76=$A$33,$G$33,IF(P76=$A$34,$G$34,IF(P76=$A$35,$G$35)))) -> 0 | S76: NE | U76: 3 | V76: =(T76*48)+(U76) -> 3 | W76: =(V76/48) -> 0.0625 | X76: =(W76/0.033814) -> 1.8483468 | Y76: =(X76*0.03) -> 0.055450405 | Z76: =IF(S76="",0,VLOOKUP(S76,[1]!Costo_Twist,2,FALSE)*W76) -> 7.760372 | AA76: CA | AC76: 4.5 | AD76: =(AB76*48)+(AC76) -> 4.5 | AE76: =(AD76/48) -> 0.09375 | AF76: =(AE76/0.033814) -> 2.7725203 | AG76: =(AF76*0.03) -> 0.083175608 | AH76: =IF(AA76="",0,VLOOKUP(AA76,[1]!Costo_Twist,2,FALSE)*AE76) -> 6.3612606 | AI76: VE | AK76: 1.5 | AL76: =(AJ76*48)+(AK76) -> 1.5 | AM76: =(AL76/48) -> 0.03125 | AN76: =(AM76/0.033814) -> 0.92417342 | AO76: =(AN76*0.03) -> 0.027725203 | AP76: =IF(AI76="",0,VLOOKUP(AI76,[1]!Costo_Twist,2,FALSE)*AM76) -> 3.7348819 | AT76: =(AR76*48)+(AS76) -> 0 | AU76: =(AT76/48) -> 0 | AV76: =(AU76/0.033814) -> 0 | AW76: =(AV76*0.03) -> 0 | AX76: =IF(AQ76="",0,VLOOKUP(AQ76,[1]!Costo_Twist,2,FALSE)*AU76) -> 0 | AY76: =(Z76+AH76+AP76+AX76) -> 17.856514 | AZ76: =(W76+AE76+AM76+AU76) -> 0.1875 | BA76: =(Q76+AZ76) -> 128.1875 | BB76: =IF(BA76>=133,"sobrellenado","ok") -> ok | BC76: =IF((COUNTIF($AA76,$S76)+COUNTIF($AI76,$S76)+COUNTIF($AQ76,$S76)+COUNTIF($S76,$AA76)+COUNTIF($AI76,$AA76)+COUNTIF($AQ76,$AA76)+COUNTIF($S76,$AI76)+COUNTIF($AA76,$AI76)+COUNTIF($AQ76,$AI76)+COUNTIF($S76,$AQ76)+COUNTIF($AA76,$AQ76)+COUNTIF($AI76,$AQ76))>1,"Falla","ok") -> ok | BE76: =IF(S76=$BE$39,X76,IF(AA76=$BE$39,AF76,IF(AI76=$BE$39,AN76,IF(AQ76=$BE$39,AV76)))) -> FALSE | BF76: =IF(S76=$BF$39,X76,IF(AA76=$BF$39,AF76,IF(AI76=$BF$39,AN76,IF(AQ76=$BF$39,AV76)))) -> FALSE | BG76: =IF(S76=$BG$39,X76,IF(AA76=$BG$39,AF76,IF(AI76=$BG$39,AN76,IF(AQ76=$BG$39,AV76)))) -> FALSE | BH76: =IF(S76=$BH$39,X76,IF(AA76=$BH$39,AF76,IF(AI76=$BH$39,AN76,IF(AQ76=$BH$39,AV76)))) -> FALSE | BI76: =IF(S76=$BI$39,X76,IF(AA76=$BI$39,AF76,IF(AI76=$BI$39,AN76,IF(AQ76=$BI$39,AV76)))) -> FALSE | BJ76: =IF(S76=$BJ$39,X76,IF(AA76=$BJ$39,AF76,IF(AI76=$BJ$39,AN76,IF(AQ76=$BJ$39,AV76)))) -> 2.7725203 | BK76: =IF(S76=$BK$39,X76,IF(AA76=$BK$39,AF76,IF(AI76=$BK$39,AN76,IF(AQ76=$BK$39,AV76)))) -> FALSE | BL76: =IF(S76=$BL$39,X76,IF(AA76=$BL$39,AF76,IF(AI76=$BL$39,AN76,IF(AQ76=$BL$39,AV76)))) -> 1.8483468 | BM76: =IF(S76=$BM$39,X76,IF(AA76=$BM$39,AF76,IF(AI76=$BM$39,AN76,IF(AQ76=$BM$39,AV76)))) -> FALSE | BN76: =IF(S76=$BN$39,X76,IF(AA76=$BN$39,AF76,IF(AI76=$BN$39,AN76,IF(AQ76=$BN$39,AV76)))) -> FALSE | BO76: =IF(S76=$BO$39,X76,IF(AA76=$BO$39,AF76,IF(AI76=$BO$39,AN76,IF(AQ76=$BO$39,AV76)))) -> FALSE | BP76: =IF(S76=$BP$39,X76,IF(AA76=$BP$39,AF76,IF(AI76=$BP$39,AN76,IF(AQ76=$BP$39,AV76)))) -> FALSE | BQ76: =IF(S76=$BQ$39,X76,IF(AA76=$BQ$39,AF76,IF(AI76=$BQ$39,AN76,IF(AQ76=$BQ$39,AV76)))) -> 0.92417342 | BR76: =IF(S76=$BR$39,X76,IF(AA76=$BR$39,AF76,IF(AI76=$BR$39,AN76,IF(AQ76=$BR$39,AV76)))) -> FALSE
A77: Latex | B77: Latex Experto y Homologos | C77: Millennium | D77: Galon | E77: - | F77: - | G77: CW012W | H77: 234 | I77: 244 | J77: 238 | P77: Blanca | Q77: 128 | R77: =IF(P77=$A$32,$G$32,IF(P77=$A$33,$G$33,IF(P77=$A$34,$G$34,IF(P77=$A$35,$G$35)))) -> 0 | S77: CA | U77: 6.5 | V77: =(T77*48)+(U77) -> 6.5 | W77: =(V77/48) -> 0.13541667 | X77: =(W77/0.033814) -> 4.0047515 | Y77: =(X77*0.03) -> 0.12014254 | Z77: =IF(S77="",0,VLOOKUP(S77,[1]!Costo_Twist,2,FALSE)*W77) -> 9.1884875 | AA77: VE | AC77: 1.5 | AD77: =(AB77*48)+(AC77) -> 1.5 | AE77: =(AD77/48) -> 0.03125 | AF77: =(AE77/0.033814) -> 0.92417342 | AG77: =(AF77*0.03) -> 0.027725203 | AH77: =IF(AA77="",0,VLOOKUP(AA77,[1]!Costo_Twist,2,FALSE)*AE77) -> 3.7348819 | AI77: VI | AK77: 1.5 | AL77: =(AJ77*48)+(AK77) -> 1.5 | AM77: =(AL77/48) -> 0.03125 | AN77: =(AM77/0.033814) -> 0.92417342 | AO77: =(AN77*0.03) -> 0.027725203 | AP77: =IF(AI77="",0,VLOOKUP(AI77,[1]!Costo_Twist,2,FALSE)*AM77) -> 6.3327616 | AT77: =(AR77*48)+(AS77) -> 0 | AU77: =(AT77/48) -> 0 | AV77: =(AU77/0.033814) -> 0 | AW77: =(AV77*0.03) -> 0 | AX77: =IF(AQ77="",0,VLOOKUP(AQ77,[1]!Costo_Twist,2,FALSE)*AU77) -> 0 | AY77: =(Z77+AH77+AP77+AX77) -> 19.256131 | AZ77: =(W77+AE77+AM77+AU77) -> 0.19791667 | BA77: =(Q77+AZ77) -> 128.19792 | BB77: =IF(BA77>=133,"sobrellenado","ok") -> ok | BC77: =IF((COUNTIF($AA77,$S77)+COUNTIF($AI77,$S77)+COUNTIF($AQ77,$S77)+COUNTIF($S77,$AA77)+COUNTIF($AI77,$AA77)+COUNTIF($AQ77,$AA77)+COUNTIF($S77,$AI77)+COUNTIF($AA77,$AI77)+COUNTIF($AQ77,$AI77)+COUNTIF($S77,$AQ77)+COUNTIF($AA77,$AQ77)+COUNTIF($AI77,$AQ77))>1,"Falla","ok") -> ok | BE77: =IF(S77=$BE$39,X77,IF(AA77=$BE$39,AF77,IF(AI77=$BE$39,AN77,IF(AQ77=$BE$39,AV77)))) -> FALSE | BF77: =IF(S77=$BF$39,X77,IF(AA77=$BF$39,AF77,IF(AI77=$BF$39,AN77,IF(AQ77=$BF$39,AV77)))) -> FALSE | BG77: =IF(S77=$BG$39,X77,IF(AA77=$BG$39,AF77,IF(AI77=$BG$39,AN77,IF(AQ77=$BG$39,AV77)))) -> FALSE | BH77: =IF(S77=$BH$39,X77,IF(AA77=$BH$39,AF77,IF(AI77=$BH$39,AN77,IF(AQ77=$BH$39,AV77)))) -> FALSE | BI77: =IF(S77=$BI$39,X77,IF(AA77=$BI$39,AF77,IF(AI77=$BI$39,AN77,IF(AQ77=$BI$39,AV77)))) -> FALSE | BJ77: =IF(S77=$BJ$39,X77,IF(AA77=$BJ$39,AF77,IF(AI77=$BJ$39,AN77,IF(AQ77=$BJ$39,AV77)))) -> 4.0047515 | BK77: =IF(S77=$BK$39,X77,IF(AA77=$BK$39,AF77,IF(AI77=$BK$39,AN77,IF(AQ77=$BK$39,AV77)))) -> FALSE | BL77: =IF(S77=$BL$39,X77,IF(AA77=$BL$39,AF77,IF(AI77=$BL$39,AN77,IF(AQ77=$BL$39,AV77)))) -> FALSE | BM77: =IF(S77=$BM$39,X77,IF(AA77=$BM$39,AF77,IF(AI77=$BM$39,AN77,IF(AQ77=$BM$39,AV77)))) -> FALSE | BN77: =IF(S77=$BN$39,X77,IF(AA77=$BN$39,AF77,IF(AI77=$BN$39,AN77,IF(AQ77=$BN$39,AV77)))) -> FALSE | BO77: =IF(S77=$BO$39,X77,IF(AA77=$BO$39,AF77,IF(AI77=$BO$39,AN77,IF(AQ77=$BO$39,AV77)))) -> FALSE | BP77: =IF(S77=$BP$39,X77,IF(AA77=$BP$39,AF77,IF(AI77=$BP$39,AN77,IF(AQ77=$BP$39,AV77)))) -> FALSE | BQ77: =IF(S77=$BQ$39,X77,IF(AA77=$BQ$39,AF77,IF(AI77=$BQ$39,AN77,IF(AQ77=$BQ$39,AV77)))) -> 0.92417342 | BR77: =IF(S77=$BR$39,X77,IF(AA77=$BR$39,AF77,IF(AI77=$BR$39,AN77,IF(AQ77=$BR$39,AV77)))) -> 0.92417342
A78: Latex | B78: Latex Experto y Homologos | C78: Millennium | D78: Galon | E78: - | F78: - | G78: CW013W | H78: 232 | I78: 247 | J78: 240 | P78: Blanca | Q78: 128 | R78: =IF(P78=$A$32,$G$32,IF(P78=$A$33,$G$33,IF(P78=$A$34,$G$34,IF(P78=$A$35,$G$35)))) -> 0 | S78: AZ | U78: 0.5 | V78: =(T78*48)+(U78) -> 0.5 | W78: =(V78/48) -> 0.010416667 | X78: =(W78/0.033814) -> 0.30805781 | Y78: =(X78*0.03) -> 0.0092417342 | Z78: =IF(S78="",0,VLOOKUP(S78,[1]!Costo_Twist,2,FALSE)*W78) -> 1.363731 | AA78: CA | AC78: 4.5 | AD78: =(AB78*48)+(AC78) -> 4.5 | AE78: =(AD78/48) -> 0.09375 | AF78: =(AE78/0.033814) -> 2.7725203 | AG78: =(AF78*0.03) -> 0.083175608 | AH78: =IF(AA78="",0,VLOOKUP(AA78,[1]!Costo_Twist,2,FALSE)*AE78) -> 6.3612606 | AI78: VE | AK78: 1.5 | AL78: =(AJ78*48)+(AK78) -> 1.5 | AM78: =(AL78/48) -> 0.03125 | AN78: =(AM78/0.033814) -> 0.92417342 | AO78: =(AN78*0.03) -> 0.027725203 | AP78: =IF(AI78="",0,VLOOKUP(AI78,[1]!Costo_Twist,2,FALSE)*AM78) -> 3.7348819 | AT78: =(AR78*48)+(AS78) -> 0 | AU78: =(AT78/48) -> 0 | AV78: =(AU78/0.033814) -> 0 | AW78: =(AV78*0.03) -> 0 | AX78: =IF(AQ78="",0,VLOOKUP(AQ78,[1]!Costo_Twist,2,FALSE)*AU78) -> 0 | AY78: =(Z78+AH78+AP78+AX78) -> 11.459873 | AZ78: =(W78+AE78+AM78+AU78) -> 0.13541667 | BA78: =(Q78+AZ78) -> 128.13542 | BB78: =IF(BA78>=133,"sobrellenado","ok") -> ok | BC78: =IF((COUNTIF($AA78,$S78)+COUNTIF($AI78,$S78)+COUNTIF($AQ78,$S78)+COUNTIF($S78,$AA78)+COUNTIF($AI78,$AA78)+COUNTIF($AQ78,$AA78)+COUNTIF($S78,$AI78)+COUNTIF($AA78,$AI78)+COUNTIF($AQ78,$AI78)+COUNTIF($S78,$AQ78)+COUNTIF($AA78,$AQ78)+COUNTIF($AI78,$AQ78))>1,"Falla","ok") -> ok | BE78: =IF(S78=$BE$39,X78,IF(AA78=$BE$39,AF78,IF(AI78=$BE$39,AN78,IF(AQ78=$BE$39,AV78)))) -> FALSE | BF78: =IF(S78=$BF$39,X78,IF(AA78=$BF$39,AF78,IF(AI78=$BF$39,AN78,IF(AQ78=$BF$39,AV78)))) -> FALSE | BG78: =IF(S78=$BG$39,X78,IF(AA78=$BG$39,AF78,IF(AI78=$BG$39,AN78,IF(AQ78=$BG$39,AV78)))) -> FALSE | BH78: =IF(S78=$BH$39,X78,IF(AA78=$BH$39,AF78,IF(AI78=$BH$39,AN78,IF(AQ78=$BH$39,AV78)))) -> 0.30805781 | BI78: =IF(S78=$BI$39,X78,IF(AA78=$BI$39,AF78,IF(AI78=$BI$39,AN78,IF(AQ78=$BI$39,AV78)))) -> FALSE | BJ78: =IF(S78=$BJ$39,X78,IF(AA78=$BJ$39,AF78,IF(AI78=$BJ$39,AN78,IF(AQ78=$BJ$39,AV78)))) -> 2.7725203 | BK78: =IF(S78=$BK$39,X78,IF(AA78=$BK$39,AF78,IF(AI78=$BK$39,AN78,IF(AQ78=$BK$39,AV78)))) -> FALSE | BL78: =IF(S78=$BL$39,X78,IF(AA78=$BL$39,AF78,IF(AI78=$BL$39,AN78,IF(AQ78=$BL$39,AV78)))) -> FALSE | BM78: =IF(S78=$BM$39,X78,IF(AA78=$BM$39,AF78,IF(AI78=$BM$39,AN78,IF(AQ78=$BM$39,AV78)))) -> FALSE | BN78: =IF(S78=$BN$39,X78,IF(AA78=$BN$39,AF78,IF(AI78=$BN$39,AN78,IF(AQ78=$BN$39,AV78)))) -> FALSE | BO78: =IF(S78=$BO$39,X78,IF(AA78=$BO$39,AF78,IF(AI78=$BO$39,AN78,IF(AQ78=$BO$39,AV78)))) -> FALSE | BP78: =IF(S78=$BP$39,X78,IF(AA78=$BP$39,AF78,IF(AI78=$BP$39,AN78,IF(AQ78=$BP$39,AV78)))) -> FALSE | BQ78: =IF(S78=$BQ$39,X78,IF(AA78=$BQ$39,AF78,IF(AI78=$BQ$39,AN78,IF(AQ78=$BQ$39,AV78)))) -> 0.92417342 | BR78: =IF(S78=$BR$39,X78,IF(AA78=$BR$39,AF78,IF(AI78=$BR$39,AN78,IF(AQ78=$BR$39,AV78)))) -> FALSE
A79: Latex | B79: Latex Experto y Homologos | C79: Millennium | D79: Galon | E79: - | F79: - | G79: CW014W | H79: 239 | I79: 248 | J79: 239 | P79: Blanca | Q79: 128 | R79: =IF(P79=$A$32,$G$32,IF(P79=$A$33,$G$33,IF(P79=$A$34,$G$34,IF(P79=$A$35,$G$35)))) -> 0 | S79: CA | U79: 4 | V79: =(T79*48)+(U79) -> 4 | W79: =(V79/48) -> 0.083333333 | X79: =(W79/0.033814) -> 2.4644625 | Y79: =(X79*0.03) -> 0.073933874 | Z79: =IF(S79="",0,VLOOKUP(S79,[1]!Costo_Twist,2,FALSE)*W79) -> 5.6544539 | AA79: VE | AC79: 1 | AD79: =(AB79*48)+(AC79) -> 1 | AE79: =(AD79/48) -> 0.020833333 | AF79: =(AE79/0.033814) -> 0.61611561 | AG79: =(AF79*0.03) -> 0.018483468 | AH79: =IF(AA79="",0,VLOOKUP(AA79,[1]!Costo_Twist,2,FALSE)*AE79) -> 2.4899212 | AI79: AV | AK79: 0.5 | AL79: =(AJ79*48)+(AK79) -> 0.5 | AM79: =(AL79/48) -> 0.010416667 | AN79: =(AM79/0.033814) -> 0.30805781 | AO79: =(AN79*0.03) -> 0.0092417342 | AP79: =IF(AI79="",0,VLOOKUP(AI79,[1]!Costo_Twist,2,FALSE)*AM79) -> 1.9156908 | AT79: =(AR79*48)+(AS79) -> 0 | AU79: =(AT79/48) -> 0 | AV79: =(AU79/0.033814) -> 0 | AW79: =(AV79*0.03) -> 0 | AX79: =IF(AQ79="",0,VLOOKUP(AQ79,[1]!Costo_Twist,2,FALSE)*AU79) -> 0 | AY79: =(Z79+AH79+AP79+AX79) -> 10.060066 | AZ79: =(W79+AE79+AM79+AU79) -> 0.11458333 | BA79: =(Q79+AZ79) -> 128.11458 | BB79: =IF(BA79>=133,"sobrellenado","ok") -> ok | BC79: =IF((COUNTIF($AA79,$S79)+COUNTIF($AI79,$S79)+COUNTIF($AQ79,$S79)+COUNTIF($S79,$AA79)+COUNTIF($AI79,$AA79)+COUNTIF($AQ79,$AA79)+COUNTIF($S79,$AI79)+COUNTIF($AA79,$AI79)+COUNTIF($AQ79,$AI79)+COUNTIF($S79,$AQ79)+COUNTIF($AA79,$AQ79)+COUNTIF($AI79,$AQ79))>1,"Falla","ok") -> ok | BE79: =IF(S79=$BE$39,X79,IF(AA79=$BE$39,AF79,IF(AI79=$BE$39,AN79,IF(AQ79=$BE$39,AV79)))) -> FALSE | BF79: =IF(S79=$BF$39,X79,IF(AA79=$BF$39,AF79,IF(AI79=$BF$39,AN79,IF(AQ79=$BF$39,AV79)))) -> FALSE | BG79: =IF(S79=$BG$39,X79,IF(AA79=$BG$39,AF79,IF(AI79=$BG$39,AN79,IF(AQ79=$BG$39,AV79)))) -> 0.30805781 | BH79: =IF(S79=$BH$39,X79,IF(AA79=$BH$39,AF79,IF(AI79=$BH$39,AN79,IF(AQ79=$BH$39,AV79)))) -> FALSE | BI79: =IF(S79=$BI$39,X79,IF(AA79=$BI$39,AF79,IF(AI79=$BI$39,AN79,IF(AQ79=$BI$39,AV79)))) -> FALSE | BJ79: =IF(S79=$BJ$39,X79,IF(AA79=$BJ$39,AF79,IF(AI79=$BJ$39,AN79,IF(AQ79=$BJ$39,AV79)))) -> 2.4644625 | BK79: =IF(S79=$BK$39,X79,IF(AA79=$BK$39,AF79,IF(AI79=$BK$39,AN79,IF(AQ79=$BK$39,AV79)))) -> FALSE | BL79: =IF(S79=$BL$39,X79,IF(AA79=$BL$39,AF79,IF(AI79=$BL$39,AN79,IF(AQ79=$BL$39,AV79)))) -> FALSE | BM79: =IF(S79=$BM$39,X79,IF(AA79=$BM$39,AF79,IF(AI79=$BM$39,AN79,IF(AQ79=$BM$39,AV79)))) -> FALSE | BN79: =IF(S79=$BN$39,X79,IF(AA79=$BN$39,AF79,IF(AI79=$BN$39,AN79,IF(AQ79=$BN$39,AV79)))) -> FALSE | BO79: =IF(S79=$BO$39,X79,IF(AA79=$BO$39,AF79,IF(AI79=$BO$39,AN79,IF(AQ79=$BO$39,AV79)))) -> FALSE | BP79: =IF(S79=$BP$39,X79,IF(AA79=$BP$39,AF79,IF(AI79=$BP$39,AN79,IF(AQ79=$BP$39,AV79)))) -> FALSE | BQ79: =IF(S79=$BQ$39,X79,IF(AA79=$BQ$39,AF79,IF(AI79=$BQ$39,AN79,IF(AQ79=$BQ$39,AV79)))) -> 0.61611561 | BR79: =IF(S79=$BR$39,X79,IF(AA79=$BR$39,AF79,IF(AI79=$BR$39,AN79,IF(AQ79=$BR$39,AV79)))) -> FALSE
A80: Latex | B80: Latex Experto y Homologos | C80: Millennium | D80: Galon | E80: - | F80: - | G80: CW015W | H80: 240 | I80: 252 | J80: 241 | P80: Blanca | Q80: 128 | R80: =IF(P80=$A$32,$G$32,IF(P80=$A$33,$G$33,IF(P80=$A$34,$G$34,IF(P80=$A$35,$G$35)))) -> 0 | S80: CA | U80: 2 | V80: =(T80*48)+(U80) -> 2 | W80: =(V80/48) -> 0.041666667 | X80: =(W80/0.033814) -> 1.2322312 | Y80: =(X80*0.03) -> 0.036966937 | Z80: =IF(S80="",0,VLOOKUP(S80,[1]!Costo_Twist,2,FALSE)*W80) -> 2.8272269 | AA80: VE | AC80: 1 | AD80: =(AB80*48)+(AC80) -> 1 | AE80: =(AD80/48) -> 0.020833333 | AF80: =(AE80/0.033814) -> 0.61611561 | AG80: =(AF80*0.03) -> 0.018483468 | AH80: =IF(AA80="",0,VLOOKUP(AA80,[1]!Costo_Twist,2,FALSE)*AE80) -> 2.4899212 | AI80: AV | AK80: 1 | AL80: =(AJ80*48)+(AK80) -> 1 | AM80: =(AL80/48) -> 0.020833333 | AN80: =(AM80/0.033814) -> 0.61611561 | AO80: =(AN80*0.03) -> 0.018483468 | AP80: =IF(AI80="",0,VLOOKUP(AI80,[1]!Costo_Twist,2,FALSE)*AM80) -> 3.8313817 | AT80: =(AR80*48)+(AS80) -> 0 | AU80: =(AT80/48) -> 0 | AV80: =(AU80/0.033814) -> 0 | AW80: =(AV80*0.03) -> 0 | AX80: =IF(AQ80="",0,VLOOKUP(AQ80,[1]!Costo_Twist,2,FALSE)*AU80) -> 0 | AY80: =(Z80+AH80+AP80+AX80) -> 9.1485298 | AZ80: =(W80+AE80+AM80+AU80) -> 0.083333333 | BA80: =(Q80+AZ80) -> 128.08333 | BB80: =IF(BA80>=133,"sobrellenado","ok") -> ok | BC80: =IF((COUNTIF($AA80,$S80)+COUNTIF($AI80,$S80)+COUNTIF($AQ80,$S80)+COUNTIF($S80,$AA80)+COUNTIF($AI80,$AA80)+COUNTIF($AQ80,$AA80)+COUNTIF($S80,$AI80)+COUNTIF($AA80,$AI80)+COUNTIF($AQ80,$AI80)+COUNTIF($S80,$AQ80)+COUNTIF($AA80,$AQ80)+COUNTIF($AI80,$AQ80))>1,"Falla","ok") -> ok | BE80: =IF(S80=$BE$39,X80,IF(AA80=$BE$39,AF80,IF(AI80=$BE$39,AN80,IF(AQ80=$BE$39,AV80)))) -> FALSE | BF80: =IF(S80=$BF$39,X80,IF(AA80=$BF$39,AF80,IF(AI80=$BF$39,AN80,IF(AQ80=$BF$39,AV80)))) -> FALSE | BG80: =IF(S80=$BG$39,X80,IF(AA80=$BG$39,AF80,IF(AI80=$BG$39,AN80,IF(AQ80=$BG$39,AV80)))) -> 0.61611561 | BH80: =IF(S80=$BH$39,X80,IF(AA80=$BH$39,AF80,IF(AI80=$BH$39,AN80,IF(AQ80=$BH$39,AV80)))) -> FALSE | BI80: =IF(S80=$BI$39,X80,IF(AA80=$BI$39,AF80,IF(AI80=$BI$39,AN80,IF(AQ80=$BI$39,AV80)))) -> FALSE | BJ80: =IF(S80=$BJ$39,X80,IF(AA80=$BJ$39,AF80,IF(AI80=$BJ$39,AN80,IF(AQ80=$BJ$39,AV80)))) -> 1.2322312 | BK80: =IF(S80=$BK$39,X80,IF(AA80=$BK$39,AF80,IF(AI80=$BK$39,AN80,IF(AQ80=$BK$39,AV80)))) -> FALSE | BL80: =IF(S80=$BL$39,X80,IF(AA80=$BL$39,AF80,IF(AI80=$BL$39,AN80,IF(AQ80=$BL$39,AV80)))) -> FALSE | BM80: =IF(S80=$BM$39,X80,IF(AA80=$BM$39,AF80,IF(AI80=$BM$39,AN80,IF(AQ80=$BM$39,AV80)))) -> FALSE | BN80: =IF(S80=$BN$39,X80,IF(AA80=$BN$39,AF80,IF(AI80=$BN$39,AN80,IF(AQ80=$BN$39,AV80)))) -> FALSE | BO80: =IF(S80=$BO$39,X80,IF(AA80=$BO$39,AF80,IF(AI80=$BO$39,AN80,IF(AQ80=$BO$39,AV80)))) -> FALSE | BP80: =IF(S80=$BP$39,X80,IF(AA80=$BP$39,AF80,IF(AI80=$BP$39,AN80,IF(AQ80=$BP$39,AV80)))) -> FALSE | BQ80: =IF(S80=$BQ$39,X80,IF(AA80=$BQ$39,AF80,IF(AI80=$BQ$39,AN80,IF(AQ80=$BQ$39,AV80)))) -> 0.61611561 | BR80: =IF(S80=$BR$39,X80,IF(AA80=$BR$39,AF80,IF(AI80=$BR$39,AN80,IF(AQ80=$BR$39,AV80)))) -> FALSE
A81: Latex | B81: Latex Experto y Homologos | C81: Millennium | D81: Galon | E81: - | F81: - | G81: CW016W | H81: 238 | I81: 248 | J81: 234 | P81: Blanca | Q81: 128 | R81: =IF(P81=$A$32,$G$32,IF(P81=$A$33,$G$33,IF(P81=$A$34,$G$34,IF(P81=$A$35,$G$35)))) -> 0 | S81: CA | U81: 2.5 | V81: =(T81*48)+(U81) -> 2.5 | W81: =(V81/48) -> 0.052083333 | X81: =(W81/0.033814) -> 1.540289 | Y81: =(X81*0.03) -> 0.046208671 | Z81: =IF(S81="",0,VLOOKUP(S81,[1]!Costo_Twist,2,FALSE)*W81) -> 3.5340337 | AA81: VE | AC81: 1.5 | AD81: =(AB81*48)+(AC81) -> 1.5 | AE81: =(AD81/48) -> 0.03125 | AF81: =(AE81/0.033814) -> 0.92417342 | AG81: =(AF81*0.03) -> 0.027725203 | AH81: =IF(AA81="",0,VLOOKUP(AA81,[1]!Costo_Twist,2,FALSE)*AE81) -> 3.7348819 | AI81: OC | AK81: 1.5 | AL81: =(AJ81*48)+(AK81) -> 1.5 | AM81: =(AL81/48) -> 0.03125 | AN81: =(AM81/0.033814) -> 0.92417342 | AO81: =(AN81*0.03) -> 0.027725203 | AP81: =IF(AI81="",0,VLOOKUP(AI81,[1]!Costo_Twist,2,FALSE)*AM81) -> 4.5756942 | AT81: =(AR81*48)+(AS81) -> 0 | AU81: =(AT81/48) -> 0 | AV81: =(AU81/0.033814) -> 0 | AW81: =(AV81*0.03) -> 0 | AX81: =IF(AQ81="",0,VLOOKUP(AQ81,[1]!Costo_Twist,2,FALSE)*AU81) -> 0 | AY81: =(Z81+AH81+AP81+AX81) -> 11.84461 | AZ81: =(W81+AE81+AM81+AU81) -> 0.11458333 | BA81: =(Q81+AZ81) -> 128.11458 | BB81: =IF(BA81>=133,"sobrellenado","ok") -> ok | BC81: =IF((COUNTIF($AA81,$S81)+COUNTIF($AI81,$S81)+COUNTIF($AQ81,$S81)+COUNTIF($S81,$AA81)+COUNTIF($AI81,$AA81)+COUNTIF($AQ81,$AA81)+COUNTIF($S81,$AI81)+COUNTIF($AA81,$AI81)+COUNTIF($AQ81,$AI81)+COUNTIF($S81,$AQ81)+COUNTIF($AA81,$AQ81)+COUNTIF($AI81,$AQ81))>1,"Falla","ok") -> ok | BE81: =IF(S81=$BE$39,X81,IF(AA81=$BE$39,AF81,IF(AI81=$BE$39,AN81,IF(AQ81=$BE$39,AV81)))) -> FALSE | BF81: =IF(S81=$BF$39,X81,IF(AA81=$BF$39,AF81,IF(AI81=$BF$39,AN81,IF(AQ81=$BF$39,AV81)))) -> FALSE | BG81: =IF(S81=$BG$39,X81,IF(AA81=$BG$39,AF81,IF(AI81=$BG$39,AN81,IF(AQ81=$BG$39,AV81)))) -> FALSE | BH81: =IF(S81=$BH$39,X81,IF(AA81=$BH$39,AF81,IF(AI81=$BH$39,AN81,IF(AQ81=$BH$39,AV81)))) -> FALSE | BI81: =IF(S81=$BI$39,X81,IF(AA81=$BI$39,AF81,IF(AI81=$BI$39,AN81,IF(AQ81=$BI$39,AV81)))) -> FALSE | BJ81: =IF(S81=$BJ$39,X81,IF(AA81=$BJ$39,AF81,IF(AI81=$BJ$39,AN81,IF(AQ81=$BJ$39,AV81)))) -> 1.540289 | BK81: =IF(S81=$BK$39,X81,IF(AA81=$BK$39,AF81,IF(AI81=$BK$39,AN81,IF(AQ81=$BK$39,AV81)))) -> FALSE | BL81: =IF(S81=$BL$39,X81,IF(AA81=$BL$39,AF81,IF(AI81=$BL$39,AN81,IF(AQ81=$BL$39,AV81)))) -> FALSE | BM81: =IF(S81=$BM$39,X81,IF(AA81=$BM$39,AF81,IF(AI81=$BM$39,AN81,IF(AQ81=$BM$39,AV81)))) -> 0.92417342 | BN81: =IF(S81=$BN$39,X81,IF(AA81=$BN$39,AF81,IF(AI81=$BN$39,AN81,IF(AQ81=$BN$39,AV81)))) -> FALSE | BO81: =IF(S81=$BO$39,X81,IF(AA81=$BO$39,AF81,IF(AI81=$BO$39,AN81,IF(AQ81=$BO$39,AV81)))) -> FALSE | BP81: =IF(S81=$BP$39,X81,IF(AA81=$BP$39,AF81,IF(AI81=$BP$39,AN81,IF(AQ81=$BP$39,AV81)))) -> FALSE | BQ81: =IF(S81=$BQ$39,X81,IF(AA81=$BQ$39,AF81,IF(AI81=$BQ$39,AN81,IF(AQ81=$BQ$39,AV81)))) -> 0.92417342 | BR81: =IF(S81=$BR$39,X81,IF(AA81=$BR$39,AF81,IF(AI81=$BR$39,AN81,IF(AQ81=$BR$39,AV81)))) -> FALSE
A82: Latex | B82: Latex Experto y Homologos | C82: Millennium | D82: Galon | E82: - | F82: - | G82: CW017W | H82: 237 | I82: 244 | J82: 228 | P82: Blanca | Q82: 128 | R82: =IF(P82=$A$32,$G$32,IF(P82=$A$33,$G$33,IF(P82=$A$34,$G$34,IF(P82=$A$35,$G$35)))) -> 0 | S82: CA | U82: 5.5 | V82: =(T82*48)+(U82) -> 5.5 | W82: =(V82/48) -> 0.11458333 | X82: =(W82/0.033814) -> 3.3886359 | Y82: =(X82*0.03) -> 0.10165908 | Z82: =IF(S82="",0,VLOOKUP(S82,[1]!Costo_Twist,2,FALSE)*W82) -> 7.7748741 | AA82: VE | AC82: 1.5 | AD82: =(AB82*48)+(AC82) -> 1.5 | AE82: =(AD82/48) -> 0.03125 | AF82: =(AE82/0.033814) -> 0.92417342 | AG82: =(AF82*0.03) -> 0.027725203 | AH82: =IF(AA82="",0,VLOOKUP(AA82,[1]!Costo_Twist,2,FALSE)*AE82) -> 3.7348819 | AI82: OC | AK82: 2 | AL82: =(AJ82*48)+(AK82) -> 2 | AM82: =(AL82/48) -> 0.041666667 | AN82: =(AM82/0.033814) -> 1.2322312 | AO82: =(AN82*0.03) -> 0.036966937 | AP82: =IF(AI82="",0,VLOOKUP(AI82,[1]!Costo_Twist,2,FALSE)*AM82) -> 6.1009256 | AT82: =(AR82*48)+(AS82) -> 0 | AU82: =(AT82/48) -> 0 | AV82: =(AU82/0.033814) -> 0 | AW82: =(AV82*0.03) -> 0 | AX82: =IF(AQ82="",0,VLOOKUP(AQ82,[1]!Costo_Twist,2,FALSE)*AU82) -> 0 | AY82: =(Z82+AH82+AP82+AX82) -> 17.610682 | AZ82: =(W82+AE82+AM82+AU82) -> 0.1875 | BA82: =(Q82+AZ82) -> 128.1875 | BB82: =IF(BA82>=133,"sobrellenado","ok") -> ok | BC82: =IF((COUNTIF($AA82,$S82)+COUNTIF($AI82,$S82)+COUNTIF($AQ82,$S82)+COUNTIF($S82,$AA82)+COUNTIF($AI82,$AA82)+COUNTIF($AQ82,$AA82)+COUNTIF($S82,$AI82)+COUNTIF($AA82,$AI82)+COUNTIF($AQ82,$AI82)+COUNTIF($S82,$AQ82)+COUNTIF($AA82,$AQ82)+COUNTIF($AI82,$AQ82))>1,"Falla","ok") -> ok | BE82: =IF(S82=$BE$39,X82,IF(AA82=$BE$39,AF82,IF(AI82=$BE$39,AN82,IF(AQ82=$BE$39,AV82)))) -> FALSE | BF82: =IF(S82=$BF$39,X82,IF(AA82=$BF$39,AF82,IF(AI82=$BF$39,AN82,IF(AQ82=$BF$39,AV82)))) -> FALSE | BG82: =IF(S82=$BG$39,X82,IF(AA82=$BG$39,AF82,IF(AI82=$BG$39,AN82,IF(AQ82=$BG$39,AV82)))) -> FALSE | BH82: =IF(S82=$BH$39,X82,IF(AA82=$BH$39,AF82,IF(AI82=$BH$39,AN82,IF(AQ82=$BH$39,AV82)))) -> FALSE | BI82: =IF(S82=$BI$39,X82,IF(AA82=$BI$39,AF82,IF(AI82=$BI$39,AN82,IF(AQ82=$BI$39,AV82)))) -> FALSE | BJ82: =IF(S82=$BJ$39,X82,IF(AA82=$BJ$39,AF82,IF(AI82=$BJ$39,AN82,IF(AQ82=$BJ$39,AV82)))) -> 3.3886359 | BK82: =IF(S82=$BK$39,X82,IF(AA82=$BK$39,AF82,IF(AI82=$BK$39,AN82,IF(AQ82=$BK$39,AV82)))) -> FALSE | BL82: =IF(S82=$BL$39,X82,IF(AA82=$BL$39,AF82,IF(AI82=$BL$39,AN82,IF(AQ82=$BL$39,AV82)))) -> FALSE | BM82: =IF(S82=$BM$39,X82,IF(AA82=$BM$39,AF82,IF(AI82=$BM$39,AN82,IF(AQ82=$BM$39,AV82)))) -> 1.2322312 | BN82: =IF(S82=$BN$39,X82,IF(AA82=$BN$39,AF82,IF(AI82=$BN$39,AN82,IF(AQ82=$BN$39,AV82)))) -> FALSE | BO82: =IF(S82=$BO$39,X82,IF(AA82=$BO$39,AF82,IF(AI82=$BO$39,AN82,IF(AQ82=$BO$39,AV82)))) -> FALSE | BP82: =IF(S82=$BP$39,X82,IF(AA82=$BP$39,AF82,IF(AI82=$BP$39,AN82,IF(AQ82=$BP$39,AV82)))) -> FALSE | BQ82: =IF(S82=$BQ$39,X82,IF(AA82=$BQ$39,AF82,IF(AI82=$BQ$39,AN82,IF(AQ82=$BQ$39,AV82)))) -> 0.92417342 | BR82: =IF(S82=$BR$39,X82,IF(AA82=$BR$39,AF82,IF(AI82=$BR$39,AN82,IF(AQ82=$BR$39,AV82)))) -> FALSE
A83: Latex | B83: Latex Experto y Homologos | C83: Millennium | D83: Galon | E83: - | F83: - | G83: CW018W | H83: 242 | I83: 252 | J83: 238 | P83: Blanca | Q83: 128 | R83: =IF(P83=$A$32,$G$32,IF(P83=$A$33,$G$33,IF(P83=$A$34,$G$34,IF(P83=$A$35,$G$35)))) -> 0 | S83: VE | U83: 1 | V83: =(T83*48)+(U83) -> 1 | W83: =(V83/48) -> 0.020833333 | X83: =(W83/0.033814) -> 0.61611561 | Y83: =(X83*0.03) -> 0.018483468 | Z83: =IF(S83="",0,VLOOKUP(S83,[1]!Costo_Twist,2,FALSE)*W83) -> 2.4899212 | AA83: AV | AC83: 0.5 | AD83: =(AB83*48)+(AC83) -> 0.5 | AE83: =(AD83/48) -> 0.010416667 | AF83: =(AE83/0.033814) -> 0.30805781 | AG83: =(AF83*0.03) -> 0.0092417342 | AH83: =IF(AA83="",0,VLOOKUP(AA83,[1]!Costo_Twist,2,FALSE)*AE83) -> 1.9156908 | AI83: OC | AK83: 1.5 | AL83: =(AJ83*48)+(AK83) -> 1.5 | AM83: =(AL83/48) -> 0.03125 | AN83: =(AM83/0.033814) -> 0.92417342 | AO83: =(AN83*0.03) -> 0.027725203 | AP83: =IF(AI83="",0,VLOOKUP(AI83,[1]!Costo_Twist,2,FALSE)*AM83) -> 4.5756942 | AT83: =(AR83*48)+(AS83) -> 0 | AU83: =(AT83/48) -> 0 | AV83: =(AU83/0.033814) -> 0 | AW83: =(AV83*0.03) -> 0 | AX83: =IF(AQ83="",0,VLOOKUP(AQ83,[1]!Costo_Twist,2,FALSE)*AU83) -> 0 | AY83: =(Z83+AH83+AP83+AX83) -> 8.9813062 | AZ83: =(W83+AE83+AM83+AU83) -> 0.0625 | BA83: =(Q83+AZ83) -> 128.0625 | BB83: =IF(BA83>=133,"sobrellenado","ok") -> ok | BC83: =IF((COUNTIF($AA83,$S83)+COUNTIF($AI83,$S83)+COUNTIF($AQ83,$S83)+COUNTIF($S83,$AA83)+COUNTIF($AI83,$AA83)+COUNTIF($AQ83,$AA83)+COUNTIF($S83,$AI83)+COUNTIF($AA83,$AI83)+COUNTIF($AQ83,$AI83)+COUNTIF($S83,$AQ83)+COUNTIF($AA83,$AQ83)+COUNTIF($AI83,$AQ83))>1,"Falla","ok") -> ok | BE83: =IF(S83=$BE$39,X83,IF(AA83=$BE$39,AF83,IF(AI83=$BE$39,AN83,IF(AQ83=$BE$39,AV83)))) -> FALSE | BF83: =IF(S83=$BF$39,X83,IF(AA83=$BF$39,AF83,IF(AI83=$BF$39,AN83,IF(AQ83=$BF$39,AV83)))) -> FALSE | BG83: =IF(S83=$BG$39,X83,IF(AA83=$BG$39,AF83,IF(AI83=$BG$39,AN83,IF(AQ83=$BG$39,AV83)))) -> 0.30805781 | BH83: =IF(S83=$BH$39,X83,IF(AA83=$BH$39,AF83,IF(AI83=$BH$39,AN83,IF(AQ83=$BH$39,AV83)))) -> FALSE | BI83: =IF(S83=$BI$39,X83,IF(AA83=$BI$39,AF83,IF(AI83=$BI$39,AN83,IF(AQ83=$BI$39,AV83)))) -> FALSE | BJ83: =IF(S83=$BJ$39,X83,IF(AA83=$BJ$39,AF83,IF(AI83=$BJ$39,AN83,IF(AQ83=$BJ$39,AV83)))) -> FALSE | BK83: =IF(S83=$BK$39,X83,IF(AA83=$BK$39,AF83,IF(AI83=$BK$39,AN83,IF(AQ83=$BK$39,AV83)))) -> FALSE | BL83: =IF(S83=$BL$39,X83,IF(AA83=$BL$39,AF83,IF(AI83=$BL$39,AN83,IF(AQ83=$BL$39,AV83)))) -> FALSE | BM83: =IF(S83=$BM$39,X83,IF(AA83=$BM$39,AF83,IF(AI83=$BM$39,AN83,IF(AQ83=$BM$39,AV83)))) -> 0.92417342 | BN83: =IF(S83=$BN$39,X83,IF(AA83=$BN$39,AF83,IF(AI83=$BN$39,AN83,IF(AQ83=$BN$39,AV83)))) -> FALSE | BO83: =IF(S83=$BO$39,X83,IF(AA83=$BO$39,AF83,IF(AI83=$BO$39,AN83,IF(AQ83=$BO$39,AV83)))) -> FALSE | BP83: =IF(S83=$BP$39,X83,IF(AA83=$BP$39,AF83,IF(AI83=$BP$39,AN83,IF(AQ83=$BP$39,AV83)))) -> FALSE | BQ83: =IF(S83=$BQ$39,X83,IF(AA83=$BQ$39,AF83,IF(AI83=$BQ$39,AN83,IF(AQ83=$BQ$39,AV83)))) -> 0.61611561 | BR83: =IF(S83=$BR$39,X83,IF(AA83=$BR$39,AF83,IF(AI83=$BR$39,AN83,IF(AQ83=$BR$39,AV83)))) -> FALSE
A84: Latex | B84: Latex Experto y Homologos | C84: Millennium | D84: Galon | E84: - | F84: - | G84: CW019W | H84: 250 | I84: 250 | J84: 221 | P84: Blanca | Q84: 128 | R84: =IF(P84=$A$32,$G$32,IF(P84=$A$33,$G$33,IF(P84=$A$34,$G$34,IF(P84=$A$35,$G$35)))) -> 0 | S84: CA | U84: 4 | V84: =(T84*48)+(U84) -> 4 | W84: =(V84/48) -> 0.083333333 | X84: =(W84/0.033814) -> 2.4644625 | Y84: =(X84*0.03) -> 0.073933874 | Z84: =IF(S84="",0,VLOOKUP(S84,[1]!Costo_Twist,2,FALSE)*W84) -> 5.6544539 | AA84: AV | AC84: 9.5 | AD84: =(AB84*48)+(AC84) -> 9.5 | AE84: =(AD84/48) -> 0.19791667 | AF84: =(AE84/0.033814) -> 5.8530983 | AG84: =(AF84*0.03) -> 0.17559295 | AH84: =IF(AA84="",0,VLOOKUP(AA84,[1]!Costo_Twist,2,FALSE)*AE84) -> 36.398126 | AL84: =(AJ84*48)+(AK84) -> 0 | AM84: =(AL84/48) -> 0 | AN84: =(AM84/0.033814) -> 0 | AO84: =(AN84*0.03) -> 0 | AP84: =IF(AI84="",0,VLOOKUP(AI84,[1]!Costo_Twist,2,FALSE)*AM84) -> 0 | AT84: =(AR84*48)+(AS84) -> 0 | AU84: =(AT84/48) -> 0 | AV84: =(AU84/0.033814) -> 0 | AW84: =(AV84*0.03) -> 0 | AX84: =IF(AQ84="",0,VLOOKUP(AQ84,[1]!Costo_Twist,2,FALSE)*AU84) -> 0 | AY84: =(Z84+AH84+AP84+AX84) -> 42.05258 | AZ84: =(W84+AE84+AM84+AU84) -> 0.28125 | BA84: =(Q84+AZ84) -> 128.28125 | BB84: =IF(BA84>=133,"sobrellenado","ok") -> ok | BC84: =IF((COUNTIF($AA84,$S84)+COUNTIF($AI84,$S84)+COUNTIF($AQ84,$S84)+COUNTIF($S84,$AA84)+COUNTIF($AI84,$AA84)+COUNTIF($AQ84,$AA84)+COUNTIF($S84,$AI84)+COUNTIF($AA84,$AI84)+COUNTIF($AQ84,$AI84)+COUNTIF($S84,$AQ84)+COUNTIF($AA84,$AQ84)+COUNTIF($AI84,$AQ84))>1,"Falla","ok") -> ok | BE84: =IF(S84=$BE$39,X84,IF(AA84=$BE$39,AF84,IF(AI84=$BE$39,AN84,IF(AQ84=$BE$39,AV84)))) -> FALSE | BF84: =IF(S84=$BF$39,X84,IF(AA84=$BF$39,AF84,IF(AI84=$BF$39,AN84,IF(AQ84=$BF$39,AV84)))) -> FALSE | BG84: =IF(S84=$BG$39,X84,IF(AA84=$BG$39,AF84,IF(AI84=$BG$39,AN84,IF(AQ84=$BG$39,AV84)))) -> 5.8530983 | BH84: =IF(S84=$BH$39,X84,IF(AA84=$BH$39,AF84,IF(AI84=$BH$39,AN84,IF(AQ84=$BH$39,AV84)))) -> FALSE | BI84: =IF(S84=$BI$39,X84,IF(AA84=$BI$39,AF84,IF(AI84=$BI$39,AN84,IF(AQ84=$BI$39,AV84)))) -> FALSE | BJ84: =IF(S84=$BJ$39,X84,IF(AA84=$BJ$39,AF84,IF(AI84=$BJ$39,AN84,IF(AQ84=$BJ$39,AV84)))) -> 2.4644625 | BK84: =IF(S84=$BK$39,X84,IF(AA84=$BK$39,AF84,IF(AI84=$BK$39,AN84,IF(AQ84=$BK$39,AV84)))) -> FALSE | BL84: =IF(S84=$BL$39,X84,IF(AA84=$BL$39,AF84,IF(AI84=$BL$39,AN84,IF(AQ84=$BL$39,AV84)))) -> FALSE | BM84: =IF(S84=$BM$39,X84,IF(AA84=$BM$39,AF84,IF(AI84=$BM$39,AN84,IF(AQ84=$BM$39,AV84)))) -> FALSE | BN84: =IF(S84=$BN$39,X84,IF(AA84=$BN$39,AF84,IF(AI84=$BN$39,AN84,IF(AQ84=$BN$39,AV84)))) -> FALSE | BO84: =IF(S84=$BO$39,X84,IF(AA84=$BO$39,AF84,IF(AI84=$BO$39,AN84,IF(AQ84=$BO$39,AV84)))) -> FALSE | BP84: =IF(S84=$BP$39,X84,IF(AA84=$BP$39,AF84,IF(AI84=$BP$39,AN84,IF(AQ84=$BP$39,AV84)))) -> FALSE | BQ84: =IF(S84=$BQ$39,X84,IF(AA84=$BQ$39,AF84,IF(AI84=$BQ$39,AN84,IF(AQ84=$BQ$39,AV84)))) -> FALSE | BR84: =IF(S84=$BR$39,X84,IF(AA84=$BR$39,AF84,IF(AI84=$BR$39,AN84,IF(AQ84=$BR$39,AV84)))) -> FALSE
A85: Latex | B85: Latex Experto y Homologos | C85: Millennium | D85: Galon | E85: - | F85: - | G85: CW020W | H85: 250 | I85: 251 | J85: 230 | P85: Blanca | Q85: 128 | R85: =IF(P85=$A$32,$G$32,IF(P85=$A$33,$G$33,IF(P85=$A$34,$G$34,IF(P85=$A$35,$G$35)))) -> 0 | S85: VE | U85: 0.5 | V85: =(T85*48)+(U85) -> 0.5 | W85: =(V85/48) -> 0.010416667 | X85: =(W85/0.033814) -> 0.30805781 | Y85: =(X85*0.03) -> 0.0092417342 | Z85: =IF(S85="",0,VLOOKUP(S85,[1]!Costo_Twist,2,FALSE)*W85) -> 1.2449606 | AA85: OC | AC85: 3.5 | AD85: =(AB85*48)+(AC85) -> 3.5 | AE85: =(AD85/48) -> 0.072916667 | AF85: =(AE85/0.033814) -> 2.1564046 | AG85: =(AF85*0.03) -> 0.064692139 | AH85: =IF(AA85="",0,VLOOKUP(AA85,[1]!Costo_Twist,2,FALSE)*AE85) -> 10.67662 | AL85: =(AJ85*48)+(AK85) -> 0 | AM85: =(AL85/48) -> 0 | AN85: =(AM85/0.033814) -> 0 | AO85: =(AN85*0.03) -> 0 | AP85: =IF(AI85="",0,VLOOKUP(AI85,[1]!Costo_Twist,2,FALSE)*AM85) -> 0 | AT85: =(AR85*48)+(AS85) -> 0 | AU85: =(AT85/48) -> 0 | AV85: =(AU85/0.033814) -> 0 | AW85: =(AV85*0.03) -> 0 | AX85: =IF(AQ85="",0,VLOOKUP(AQ85,[1]!Costo_Twist,2,FALSE)*AU85) -> 0 | AY85: =(Z85+AH85+AP85+AX85) -> 11.92158 | AZ85: =(W85+AE85+AM85+AU85) -> 0.083333333 | BA85: =(Q85+AZ85) -> 128.08333 | BB85: =IF(BA85>=133,"sobrellenado","ok") -> ok | BC85: =IF((COUNTIF($AA85,$S85)+COUNTIF($AI85,$S85)+COUNTIF($AQ85,$S85)+COUNTIF($S85,$AA85)+COUNTIF($AI85,$AA85)+COUNTIF($AQ85,$AA85)+COUNTIF($S85,$AI85)+COUNTIF($AA85,$AI85)+COUNTIF($AQ85,$AI85)+COUNTIF($S85,$AQ85)+COUNTIF($AA85,$AQ85)+COUNTIF($AI85,$AQ85))>1,"Falla","ok") -> ok | BE85: =IF(S85=$BE$39,X85,IF(AA85=$BE$39,AF85,IF(AI85=$BE$39,AN85,IF(AQ85=$BE$39,AV85)))) -> FALSE | BF85: =IF(S85=$BF$39,X85,IF(AA85=$BF$39,AF85,IF(AI85=$BF$39,AN85,IF(AQ85=$BF$39,AV85)))) -> FALSE | BG85: =IF(S85=$BG$39,X85,IF(AA85=$BG$39,AF85,IF(AI85=$BG$39,AN85,IF(AQ85=$BG$39,AV85)))) -> FALSE | BH85: =IF(S85=$BH$39,X85,IF(AA85=$BH$39,AF85,IF(AI85=$BH$39,AN85,IF(AQ85=$BH$39,AV85)))) -> FALSE | BI85: =IF(S85=$BI$39,X85,IF(AA85=$BI$39,AF85,IF(AI85=$BI$39,AN85,IF(AQ85=$BI$39,AV85)))) -> FALSE | BJ85: =IF(S85=$BJ$39,X85,IF(AA85=$BJ$39,AF85,IF(AI85=$BJ$39,AN85,IF(AQ85=$BJ$39,AV85)))) -> FALSE | BK85: =IF(S85=$BK$39,X85,IF(AA85=$BK$39,AF85,IF(AI85=$BK$39,AN85,IF(AQ85=$BK$39,AV85)))) -> FALSE | BL85: =IF(S85=$BL$39,X85,IF(AA85=$BL$39,AF85,IF(AI85=$BL$39,AN85,IF(AQ85=$BL$39,AV85)))) -> FALSE | BM85: =IF(S85=$BM$39,X85,IF(AA85=$BM$39,AF85,IF(AI85=$BM$39,AN85,IF(AQ85=$BM$39,AV85)))) -> 2.1564046 | BN85: =IF(S85=$BN$39,X85,IF(AA85=$BN$39,AF85,IF(AI85=$BN$39,AN85,IF(AQ85=$BN$39,AV85)))) -> FALSE | BO85: =IF(S85=$BO$39,X85,IF(AA85=$BO$39,AF85,IF(AI85=$BO$39,AN85,IF(AQ85=$BO$39,AV85)))) -> FALSE | BP85: =IF(S85=$BP$39,X85,IF(AA85=$BP$39,AF85,IF(AI85=$BP$39,AN85,IF(AQ85=$BP$39,AV85)))) -> FALSE | BQ85: =IF(S85=$BQ$39,X85,IF(AA85=$BQ$39,AF85,IF(AI85=$BQ$39,AN85,IF(AQ85=$BQ$39,AV85)))) -> 0.30805781 | BR85: =IF(S85=$BR$39,X85,IF(AA85=$BR$39,AF85,IF(AI85=$BR$39,AN85,IF(AQ85=$BR$39,AV85)))) -> FALSE
A86: Latex | B86: Latex Experto y Homologos | C86: Millennium | D86: Galon | E86: - | F86: - | G86: CW021W | H86: 249 | I86: 251 | J86: 231 | P86: Blanca | Q86: 128 | R86: =IF(P86=$A$32,$G$32,IF(P86=$A$33,$G$33,IF(P86=$A$34,$G$34,IF(P86=$A$35,$G$35)))) -> 0 | S86: AZ | U86: 0.5 | V86: =(T86*48)+(U86) -> 0.5 | W86: =(V86/48) -> 0.010416667 | X86: =(W86/0.033814) -> 0.30805781 | Y86: =(X86*0.03) -> 0.0092417342 | Z86: =IF(S86="",0,VLOOKUP(S86,[1]!Costo_Twist,2,FALSE)*W86) -> 1.363731 | AA86: OC | AC86: 3.5 | AD86: =(AB86*48)+(AC86) -> 3.5 | AE86: =(AD86/48) -> 0.072916667 | AF86: =(AE86/0.033814) -> 2.1564046 | AG86: =(AF86*0.03) -> 0.064692139 | AH86: =IF(AA86="",0,VLOOKUP(AA86,[1]!Costo_Twist,2,FALSE)*AE86) -> 10.67662 | AL86: =(AJ86*48)+(AK86) -> 0 | AM86: =(AL86/48) -> 0 | AN86: =(AM86/0.033814) -> 0 | AO86: =(AN86*0.03) -> 0 | AP86: =IF(AI86="",0,VLOOKUP(AI86,[1]!Costo_Twist,2,FALSE)*AM86) -> 0 | AT86: =(AR86*48)+(AS86) -> 0 | AU86: =(AT86/48) -> 0 | AV86: =(AU86/0.033814) -> 0 | AW86: =(AV86*0.03) -> 0 | AX86: =IF(AQ86="",0,VLOOKUP(AQ86,[1]!Costo_Twist,2,FALSE)*AU86) -> 0 | AY86: =(Z86+AH86+AP86+AX86) -> 12.040351 | AZ86: =(W86+AE86+AM86+AU86) -> 0.083333333 | BA86: =(Q86+AZ86) -> 128.08333 | BB86: =IF(BA86>=133,"sobrellenado","ok") -> ok | BC86: =IF((COUNTIF($AA86,$S86)+COUNTIF($AI86,$S86)+COUNTIF($AQ86,$S86)+COUNTIF($S86,$AA86)+COUNTIF($AI86,$AA86)+COUNTIF($AQ86,$AA86)+COUNTIF($S86,$AI86)+COUNTIF($AA86,$AI86)+COUNTIF($AQ86,$AI86)+COUNTIF($S86,$AQ86)+COUNTIF($AA86,$AQ86)+COUNTIF($AI86,$AQ86))>1,"Falla","ok") -> ok | BE86: =IF(S86=$BE$39,X86,IF(AA86=$BE$39,AF86,IF(AI86=$BE$39,AN86,IF(AQ86=$BE$39,AV86)))) -> FALSE | BF86: =IF(S86=$BF$39,X86,IF(AA86=$BF$39,AF86,IF(AI86=$BF$39,AN86,IF(AQ86=$BF$39,AV86)))) -> FALSE | BG86: =IF(S86=$BG$39,X86,IF(AA86=$BG$39,AF86,IF(AI86=$BG$39,AN86,IF(AQ86=$BG$39,AV86)))) -> FALSE | BH86: =IF(S86=$BH$39,X86,IF(AA86=$BH$39,AF86,IF(AI86=$BH$39,AN86,IF(AQ86=$BH$39,AV86)))) -> 0.30805781 | BI86: =IF(S86=$BI$39,X86,IF(AA86=$BI$39,AF86,IF(AI86=$BI$39,AN86,IF(AQ86=$BI$39,AV86)))) -> FALSE | BJ86: =IF(S86=$BJ$39,X86,IF(AA86=$BJ$39,AF86,IF(AI86=$BJ$39,AN86,IF(AQ86=$BJ$39,AV86)))) -> FALSE | BK86: =IF(S86=$BK$39,X86,IF(AA86=$BK$39,AF86,IF(AI86=$BK$39,AN86,IF(AQ86=$BK$39,AV86)))) -> FALSE | BL86: =IF(S86=$BL$39,X86,IF(AA86=$BL$39,AF86,IF(AI86=$BL$39,AN86,IF(AQ86=$BL$39,AV86)))) -> FALSE | BM86: =IF(S86=$BM$39,X86,IF(AA86=$BM$39,AF86,IF(AI86=$BM$39,AN86,IF(AQ86=$BM$39,AV86)))) -> 2.1564046 | BN86: =IF(S86=$BN$39,X86,IF(AA86=$BN$39,AF86,IF(AI86=$BN$39,AN86,IF(AQ86=$BN$39,AV86)))) -> FALSE | BO86: =IF(S86=$BO$39,X86,IF(AA86=$BO$39,AF86,IF(AI86=$BO$39,AN86,IF(AQ86=$BO$39,AV86)))) -> FALSE | BP86: =IF(S86=$BP$39,X86,IF(AA86=$BP$39,AF86,IF(AI86=$BP$39,AN86,IF(AQ86=$BP$39,AV86)))) -> FALSE | BQ86: =IF(S86=$BQ$39,X86,IF(AA86=$BQ$39,AF86,IF(AI86=$BQ$39,AN86,IF(AQ86=$BQ$39,AV86)))) -> FALSE | BR86: =IF(S86=$BR$39,X86,IF(AA86=$BR$39,AF86,IF(AI86=$BR$39,AN86,IF(AQ86=$BR$39,AV86)))) -> FALSE
A87: Latex | B87: Latex Experto y Homologos | C87: Millennium | D87: Galon | E87: - | F87: - | G87: CW022W | H87: 253 | I87: 248 | J87: 220 | P87: Blanca | Q87: 128 | R87: =IF(P87=$A$32,$G$32,IF(P87=$A$33,$G$33,IF(P87=$A$34,$G$34,IF(P87=$A$35,$G$35)))) -> 0 | S87: CA | U87: 0.5 | V87: =(T87*48)+(U87) -> 0.5 | W87: =(V87/48) -> 0.010416667 | X87: =(W87/0.033814) -> 0.30805781 | Y87: =(X87*0.03) -> 0.0092417342 | Z87: =IF(S87="",0,VLOOKUP(S87,[1]!Costo_Twist,2,FALSE)*W87) -> 0.70680673 | AA87: AV | AC87: 1.5 | AD87: =(AB87*48)+(AC87) -> 1.5 | AE87: =(AD87/48) -> 0.03125 | AF87: =(AE87/0.033814) -> 0.92417342 | AG87: =(AF87*0.03) -> 0.027725203 | AH87: =IF(AA87="",0,VLOOKUP(AA87,[1]!Costo_Twist,2,FALSE)*AE87) -> 5.7470725 | AI87: OC | AK87: 5.5 | AL87: =(AJ87*48)+(AK87) -> 5.5 | AM87: =(AL87/48) -> 0.11458333 | AN87: =(AM87/0.033814) -> 3.3886359 | AO87: =(AN87*0.03) -> 0.10165908 | AP87: =IF(AI87="",0,VLOOKUP(AI87,[1]!Costo_Twist,2,FALSE)*AM87) -> 16.777545 | AT87: =(AR87*48)+(AS87) -> 0 | AU87: =(AT87/48) -> 0 | AV87: =(AU87/0.033814) -> 0 | AW87: =(AV87*0.03) -> 0 | AX87: =IF(AQ87="",0,VLOOKUP(AQ87,[1]!Costo_Twist,2,FALSE)*AU87) -> 0 | AY87: =(Z87+AH87+AP87+AX87) -> 23.231425 | AZ87: =(W87+AE87+AM87+AU87) -> 0.15625 | BA87: =(Q87+AZ87) -> 128.15625 | BB87: =IF(BA87>=133,"sobrellenado","ok") -> ok | BC87: =IF((COUNTIF($AA87,$S87)+COUNTIF($AI87,$S87)+COUNTIF($AQ87,$S87)+COUNTIF($S87,$AA87)+COUNTIF($AI87,$AA87)+COUNTIF($AQ87,$AA87)+COUNTIF($S87,$AI87)+COUNTIF($AA87,$AI87)+COUNTIF($AQ87,$AI87)+COUNTIF($S87,$AQ87)+COUNTIF($AA87,$AQ87)+COUNTIF($AI87,$AQ87))>1,"Falla","ok") -> ok | BE87: =IF(S87=$BE$39,X87,IF(AA87=$BE$39,AF87,IF(AI87=$BE$39,AN87,IF(AQ87=$BE$39,AV87)))) -> FALSE | BF87: =IF(S87=$BF$39,X87,IF(AA87=$BF$39,AF87,IF(AI87=$BF$39,AN87,IF(AQ87=$BF$39,AV87)))) -> FALSE | BG87: =IF(S87=$BG$39,X87,IF(AA87=$BG$39,AF87,IF(AI87=$BG$39,AN87,IF(AQ87=$BG$39,AV87)))) -> 0.92417342 | BH87: =IF(S87=$BH$39,X87,IF(AA87=$BH$39,AF87,IF(AI87=$BH$39,AN87,IF(AQ87=$BH$39,AV87)))) -> FALSE | BI87: =IF(S87=$BI$39,X87,IF(AA87=$BI$39,AF87,IF(AI87=$BI$39,AN87,IF(AQ87=$BI$39,AV87)))) -> FALSE | BJ87: =IF(S87=$BJ$39,X87,IF(AA87=$BJ$39,AF87,IF(AI87=$BJ$39,AN87,IF(AQ87=$BJ$39,AV87)))) -> 0.30805781 | BK87: =IF(S87=$BK$39,X87,IF(AA87=$BK$39,AF87,IF(AI87=$BK$39,AN87,IF(AQ87=$BK$39,AV87)))) -> FALSE | BL87: =IF(S87=$BL$39,X87,IF(AA87=$BL$39,AF87,IF(AI87=$BL$39,AN87,IF(AQ87=$BL$39,AV87)))) -> FALSE | BM87: =IF(S87=$BM$39,X87,IF(AA87=$BM$39,AF87,IF(AI87=$BM$39,AN87,IF(AQ87=$BM$39,AV87)))) -> 3.3886359 | BN87: =IF(S87=$BN$39,X87,IF(AA87=$BN$39,AF87,IF(AI87=$BN$39,AN87,IF(AQ87=$BN$39,AV87)))) -> FALSE | BO87: =IF(S87=$BO$39,X87,IF(AA87=$BO$39,AF87,IF(AI87=$BO$39,AN87,IF(AQ87=$BO$39,AV87)))) -> FALSE | BP87: =IF(S87=$BP$39,X87,IF(AA87=$BP$39,AF87,IF(AI87=$BP$39,AN87,IF(AQ87=$BP$39,AV87)))) -> FALSE | BQ87: =IF(S87=$BQ$39,X87,IF(AA87=$BQ$39,AF87,IF(AI87=$BQ$39,AN87,IF(AQ87=$BQ$39,AV87)))) -> FALSE | BR87: =IF(S87=$BR$39,X87,IF(AA87=$BR$39,AF87,IF(AI87=$BR$39,AN87,IF(AQ87=$BR$39,AV87)))) -> FALSE
A88: Latex | B88: Latex Experto y Homologos | C88: Millennium | D88: Galon | E88: - | F88: - | G88: CW023W | H88: 253 | I88: 253 | J88: 233 | P88: Blanca | Q88: 128 | R88: =IF(P88=$A$32,$G$32,IF(P88=$A$33,$G$33,IF(P88=$A$34,$G$34,IF(P88=$A$35,$G$35)))) -> 0 | S88: CA | U88: 0.5 | V88: =(T88*48)+(U88) -> 0.5 | W88: =(V88/48) -> 0.010416667 | X88: =(W88/0.033814) -> 0.30805781 | Y88: =(X88*0.03) -> 0.0092417342 | Z88: =IF(S88="",0,VLOOKUP(S88,[1]!Costo_Twist,2,FALSE)*W88) -> 0.70680673 | AA88: AV | AC88: 2.5 | AD88: =(AB88*48)+(AC88) -> 2.5 | AE88: =(AD88/48) -> 0.052083333 | AF88: =(AE88/0.033814) -> 1.540289 | AG88: =(AF88*0.03) -> 0.046208671 | AH88: =IF(AA88="",0,VLOOKUP(AA88,[1]!Costo_Twist,2,FALSE)*AE88) -> 9.5784541 | AI88: AO | AK88: 1 | AL88: =(AJ88*48)+(AK88) -> 1 | AM88: =(AL88/48) -> 0.020833333 | AN88: =(AM88/0.033814) -> 0.61611561 | AO88: =(AN88*0.03) -> 0.018483468 | AP88: =IF(AI88="",0,VLOOKUP(AI88,[1]!Costo_Twist,2,FALSE)*AM88) -> 4.7099215 | AT88: =(AR88*48)+(AS88) -> 0 | AU88: =(AT88/48) -> 0 | AV88: =(AU88/0.033814) -> 0 | AW88: =(AV88*0.03) -> 0 | AX88: =IF(AQ88="",0,VLOOKUP(AQ88,[1]!Costo_Twist,2,FALSE)*AU88) -> 0 | AY88: =(Z88+AH88+AP88+AX88) -> 14.995182 | AZ88: =(W88+AE88+AM88+AU88) -> 0.083333333 | BA88: =(Q88+AZ88) -> 128.08333 | BB88: =IF(BA88>=133,"sobrellenado","ok") -> ok | BC88: =IF((COUNTIF($AA88,$S88)+COUNTIF($AI88,$S88)+COUNTIF($AQ88,$S88)+COUNTIF($S88,$AA88)+COUNTIF($AI88,$AA88)+COUNTIF($AQ88,$AA88)+COUNTIF($S88,$AI88)+COUNTIF($AA88,$AI88)+COUNTIF($AQ88,$AI88)+COUNTIF($S88,$AQ88)+COUNTIF($AA88,$AQ88)+COUNTIF($AI88,$AQ88))>1,"Falla","ok") -> ok | BE88: =IF(S88=$BE$39,X88,IF(AA88=$BE$39,AF88,IF(AI88=$BE$39,AN88,IF(AQ88=$BE$39,AV88)))) -> 0.61611561 | BF88: =IF(S88=$BF$39,X88,IF(AA88=$BF$39,AF88,IF(AI88=$BF$39,AN88,IF(AQ88=$BF$39,AV88)))) -> FALSE | BG88: =IF(S88=$BG$39,X88,IF(AA88=$BG$39,AF88,IF(AI88=$BG$39,AN88,IF(AQ88=$BG$39,AV88)))) -> 1.540289 | BH88: =IF(S88=$BH$39,X88,IF(AA88=$BH$39,AF88,IF(AI88=$BH$39,AN88,IF(AQ88=$BH$39,AV88)))) -> FALSE | BI88: =IF(S88=$BI$39,X88,IF(AA88=$BI$39,AF88,IF(AI88=$BI$39,AN88,IF(AQ88=$BI$39,AV88)))) -> FALSE | BJ88: =IF(S88=$BJ$39,X88,IF(AA88=$BJ$39,AF88,IF(AI88=$BJ$39,AN88,IF(AQ88=$BJ$39,AV88)))) -> 0.30805781 | BK88: =IF(S88=$BK$39,X88,IF(AA88=$BK$39,AF88,IF(AI88=$BK$39,AN88,IF(AQ88=$BK$39,AV88)))) -> FALSE | BL88: =IF(S88=$BL$39,X88,IF(AA88=$BL$39,AF88,IF(AI88=$BL$39,AN88,IF(AQ88=$BL$39,AV88)))) -> FALSE | BM88: =IF(S88=$BM$39,X88,IF(AA88=$BM$39,AF88,IF(AI88=$BM$39,AN88,IF(AQ88=$BM$39,AV88)))) -> FALSE | BN88: =IF(S88=$BN$39,X88,IF(AA88=$BN$39,AF88,IF(AI88=$BN$39,AN88,IF(AQ88=$BN$39,AV88)))) -> FALSE | BO88: =IF(S88=$BO$39,X88,IF(AA88=$BO$39,AF88,IF(AI88=$BO$39,AN88,IF(AQ88=$BO$39,AV88)))) -> FALSE | BP88: =IF(S88=$BP$39,X88,IF(AA88=$BP$39,AF88,IF(AI88=$BP$39,AN88,IF(AQ88=$BP$39,AV88)))) -> FALSE | BQ88: =IF(S88=$BQ$39,X88,IF(AA88=$BQ$39,AF88,IF(AI88=$BQ$39,AN88,IF(AQ88=$BQ$39,AV88)))) -> FALSE | BR88: =IF(S88=$BR$39,X88,IF(AA88=$BR$39,AF88,IF(AI88=$BR$39,AN88,IF(AQ88=$BR$39,AV88)))) -> FALSE
A89: Latex | B89: Latex Experto y Homologos | C89: Millennium | D89: Galon | E89: - | F89: - | G89: CW024W | H89: 252 | I89: 252 | J89: 233 | P89: Blanca | Q89: 128 | R89: =IF(P89=$A$32,$G$32,IF(P89=$A$33,$G$33,IF(P89=$A$34,$G$34,IF(P89=$A$35,$G$35)))) -> 0 | S89: AV | U89: 3 | V89: =(T89*48)+(U89) -> 3 | W89: =(V89/48) -> 0.0625 | X89: =(W89/0.033814) -> 1.8483468 | Y89: =(X89*0.03) -> 0.055450405 | Z89: =IF(S89="",0,VLOOKUP(S89,[1]!Costo_Twist,2,FALSE)*W89) -> 11.494145 | AA89: OC | AC89: 0.5 | AD89: =(AB89*48)+(AC89) -> 0.5 | AE89: =(AD89/48) -> 0.010416667 | AF89: =(AE89/0.033814) -> 0.30805781 | AG89: =(AF89*0.03) -> 0.0092417342 | AH89: =IF(AA89="",0,VLOOKUP(AA89,[1]!Costo_Twist,2,FALSE)*AE89) -> 1.5252314 | AL89: =(AJ89*48)+(AK89) -> 0 | AM89: =(AL89/48) -> 0 | AN89: =(AM89/0.033814) -> 0 | AO89: =(AN89*0.03) -> 0 | AP89: =IF(AI89="",0,VLOOKUP(AI89,[1]!Costo_Twist,2,FALSE)*AM89) -> 0 | AT89: =(AR89*48)+(AS89) -> 0 | AU89: =(AT89/48) -> 0 | AV89: =(AU89/0.033814) -> 0 | AW89: =(AV89*0.03) -> 0 | AX89: =IF(AQ89="",0,VLOOKUP(AQ89,[1]!Costo_Twist,2,FALSE)*AU89) -> 0 | AY89: =(Z89+AH89+AP89+AX89) -> 13.019376 | AZ89: =(W89+AE89+AM89+AU89) -> 0.072916667 | BA89: =(Q89+AZ89) -> 128.07292 | BB89: =IF(BA89>=133,"sobrellenado","ok") -> ok | BC89: =IF((COUNTIF($AA89,$S89)+COUNTIF($AI89,$S89)+COUNTIF($AQ89,$S89)+COUNTIF($S89,$AA89)+COUNTIF($AI89,$AA89)+COUNTIF($AQ89,$AA89)+COUNTIF($S89,$AI89)+COUNTIF($AA89,$AI89)+COUNTIF($AQ89,$AI89)+COUNTIF($S89,$AQ89)+COUNTIF($AA89,$AQ89)+COUNTIF($AI89,$AQ89))>1,"Falla","ok") -> ok | BE89: =IF(S89=$BE$39,X89,IF(AA89=$BE$39,AF89,IF(AI89=$BE$39,AN89,IF(AQ89=$BE$39,AV89)))) -> FALSE | BF89: =IF(S89=$BF$39,X89,IF(AA89=$BF$39,AF89,IF(AI89=$BF$39,AN89,IF(AQ89=$BF$39,AV89)))) -> FALSE | BG89: =IF(S89=$BG$39,X89,IF(AA89=$BG$39,AF89,IF(AI89=$BG$39,AN89,IF(AQ89=$BG$39,AV89)))) -> 1.8483468 | BH89: =IF(S89=$BH$39,X89,IF(AA89=$BH$39,AF89,IF(AI89=$BH$39,AN89,IF(AQ89=$BH$39,AV89)))) -> FALSE | BI89: =IF(S89=$BI$39,X89,IF(AA89=$BI$39,AF89,IF(AI89=$BI$39,AN89,IF(AQ89=$BI$39,AV89)))) -> FALSE | BJ89: =IF(S89=$BJ$39,X89,IF(AA89=$BJ$39,AF89,IF(AI89=$BJ$39,AN89,IF(AQ89=$BJ$39,AV89)))) -> FALSE | BK89: =IF(S89=$BK$39,X89,IF(AA89=$BK$39,AF89,IF(AI89=$BK$39,AN89,IF(AQ89=$BK$39,AV89)))) -> FALSE | BL89: =IF(S89=$BL$39,X89,IF(AA89=$BL$39,AF89,IF(AI89=$BL$39,AN89,IF(AQ89=$BL$39,AV89)))) -> FALSE | BM89: =IF(S89=$BM$39,X89,IF(AA89=$BM$39,AF89,IF(AI89=$BM$39,AN89,IF(AQ89=$BM$39,AV89)))) -> 0.30805781 | BN89: =IF(S89=$BN$39,X89,IF(AA89=$BN$39,AF89,IF(AI89=$BN$39,AN89,IF(AQ89=$BN$39,AV89)))) -> FALSE | BO89: =IF(S89=$BO$39,X89,IF(AA89=$BO$39,AF89,IF(AI89=$BO$39,AN89,IF(AQ89=$BO$39,AV89)))) -> FALSE | BP89: =IF(S89=$BP$39,X89,IF(AA89=$BP$39,AF89,IF(AI89=$BP$39,AN89,IF(AQ89=$BP$39,AV89)))) -> FALSE | BQ89: =IF(S89=$BQ$39,X89,IF(AA89=$BQ$39,AF89,IF(AI89=$BQ$39,AN89,IF(AQ89=$BQ$39,AV89)))) -> FALSE | BR89: =IF(S89=$BR$39,X89,IF(AA89=$BR$39,AF89,IF(AI89=$BR$39,AN89,IF(AQ89=$BR$39,AV89)))) -> FALSE
A90: Latex | B90: Latex Experto y Homologos | C90: Millennium | D90: Galon | E90: - | F90: - | G90: CW025W | H90: 248 | I90: 241 | J90: 216 | P90: Blanca | Q90: 128 | R90: =IF(P90=$A$32,$G$32,IF(P90=$A$33,$G$33,IF(P90=$A$34,$G$34,IF(P90=$A$35,$G$35)))) -> 0 | S90: CA | U90: 6.5 | V90: =(T90*48)+(U90) -> 6.5 | W90: =(V90/48) -> 0.13541667 | X90: =(W90/0.033814) -> 4.0047515 | Y90: =(X90*0.03) -> 0.12014254 | Z90: =IF(S90="",0,VLOOKUP(S90,[1]!Costo_Twist,2,FALSE)*W90) -> 9.1884875 | AA90: RO | AC90: 0.5 | AD90: =(AB90*48)+(AC90) -> 0.5 | AE90: =(AD90/48) -> 0.010416667 | AF90: =(AE90/0.033814) -> 0.30805781 | AG90: =(AF90*0.03) -> 0.0092417342 | AH90: =IF(AA90="",0,VLOOKUP(AA90,[1]!Costo_Twist,2,FALSE)*AE90) -> 2.611199 | AI90: AV | AK90: 9 | AL90: =(AJ90*48)+(AK90) -> 9 | AM90: =(AL90/48) -> 0.1875 | AN90: =(AM90/0.033814) -> 5.5450405 | AO90: =(AN90*0.03) -> 0.16635122 | AP90: =IF(AI90="",0,VLOOKUP(AI90,[1]!Costo_Twist,2,FALSE)*AM90) -> 34.482435 | AT90: =(AR90*48)+(AS90) -> 0 | AU90: =(AT90/48) -> 0 | AV90: =(AU90/0.033814) -> 0 | AW90: =(AV90*0.03) -> 0 | AX90: =IF(AQ90="",0,VLOOKUP(AQ90,[1]!Costo_Twist,2,FALSE)*AU90) -> 0 | AY90: =(Z90+AH90+AP90+AX90) -> 46.282121 | AZ90: =(W90+AE90+AM90+AU90) -> 0.33333333 | BA90: =(Q90+AZ90) -> 128.33333 | BB90: =IF(BA90>=133,"sobrellenado","ok") -> ok | BC90: =IF((COUNTIF($AA90,$S90)+COUNTIF($AI90,$S90)+COUNTIF($AQ90,$S90)+COUNTIF($S90,$AA90)+COUNTIF($AI90,$AA90)+COUNTIF($AQ90,$AA90)+COUNTIF($S90,$AI90)+COUNTIF($AA90,$AI90)+COUNTIF($AQ90,$AI90)+COUNTIF($S90,$AQ90)+COUNTIF($AA90,$AQ90)+COUNTIF($AI90,$AQ90))>1,"Falla","ok") -> ok | BE90: =IF(S90=$BE$39,X90,IF(AA90=$BE$39,AF90,IF(AI90=$BE$39,AN90,IF(AQ90=$BE$39,AV90)))) -> FALSE | BF90: =IF(S90=$BF$39,X90,IF(AA90=$BF$39,AF90,IF(AI90=$BF$39,AN90,IF(AQ90=$BF$39,AV90)))) -> FALSE | BG90: =IF(S90=$BG$39,X90,IF(AA90=$BG$39,AF90,IF(AI90=$BG$39,AN90,IF(AQ90=$BG$39,AV90)))) -> 5.5450405 | BH90: =IF(S90=$BH$39,X90,IF(AA90=$BH$39,AF90,IF(AI90=$BH$39,AN90,IF(AQ90=$BH$39,AV90)))) -> FALSE | BI90: =IF(S90=$BI$39,X90,IF(AA90=$BI$39,AF90,IF(AI90=$BI$39,AN90,IF(AQ90=$BI$39,AV90)))) -> FALSE | BJ90: =IF(S90=$BJ$39,X90,IF(AA90=$BJ$39,AF90,IF(AI90=$BJ$39,AN90,IF(AQ90=$BJ$39,AV90)))) -> 4.0047515 | BK90: =IF(S90=$BK$39,X90,IF(AA90=$BK$39,AF90,IF(AI90=$BK$39,AN90,IF(AQ90=$BK$39,AV90)))) -> FALSE | BL90: =IF(S90=$BL$39,X90,IF(AA90=$BL$39,AF90,IF(AI90=$BL$39,AN90,IF(AQ90=$BL$39,AV90)))) -> FALSE | BM90: =IF(S90=$BM$39,X90,IF(AA90=$BM$39,AF90,IF(AI90=$BM$39,AN90,IF(AQ90=$BM$39,AV90)))) -> FALSE | BN90: =IF(S90=$BN$39,X90,IF(AA90=$BN$39,AF90,IF(AI90=$BN$39,AN90,IF(AQ90=$BN$39,AV90)))) -> FALSE | BO90: =IF(S90=$BO$39,X90,IF(AA90=$BO$39,AF90,IF(AI90=$BO$39,AN90,IF(AQ90=$BO$39,AV90)))) -> 0.30805781 | BP90: =IF(S90=$BP$39,X90,IF(AA90=$BP$39,AF90,IF(AI90=$BP$39,AN90,IF(AQ90=$BP$39,AV90)))) -> FALSE | BQ90: =IF(S90=$BQ$39,X90,IF(AA90=$BQ$39,AF90,IF(AI90=$BQ$39,AN90,IF(AQ90=$BQ$39,AV90)))) -> FALSE | BR90: =IF(S90=$BR$39,X90,IF(AA90=$BR$39,AF90,IF(AI90=$BR$39,AN90,IF(AQ90=$BR$39,AV90)))) -> FALSE
A91: Latex | B91: Latex Experto y Homologos | C91: Millennium | D91: Galon | E91: - | F91: - | G91: CW026W | H91: 248 | I91: 246 | J91: 226 | P91: Blanca | Q91: 128 | R91: =IF(P91=$A$32,$G$32,IF(P91=$A$33,$G$33,IF(P91=$A$34,$G$34,IF(P91=$A$35,$G$35)))) -> 0 | S91: CA | U91: 4.5 | V91: =(T91*48)+(U91) -> 4.5 | W91: =(V91/48) -> 0.09375 | X91: =(W91/0.033814) -> 2.7725203 | Y91: =(X91*0.03) -> 0.083175608 | Z91: =IF(S91="",0,VLOOKUP(S91,[1]!Costo_Twist,2,FALSE)*W91) -> 6.3612606 | AA91: AV | AC91: 3 | AD91: =(AB91*48)+(AC91) -> 3 | AE91: =(AD91/48) -> 0.0625 | AF91: =(AE91/0.033814) -> 1.8483468 | AG91: =(AF91*0.03) -> 0.055450405 | AH91: =IF(AA91="",0,VLOOKUP(AA91,[1]!Costo_Twist,2,FALSE)*AE91) -> 11.494145 | AI91: OC | AK91: 1 | AL91: =(AJ91*48)+(AK91) -> 1 | AM91: =(AL91/48) -> 0.020833333 | AN91: =(AM91/0.033814) -> 0.61611561 | AO91: =(AN91*0.03) -> 0.018483468 | AP91: =IF(AI91="",0,VLOOKUP(AI91,[1]!Costo_Twist,2,FALSE)*AM91) -> 3.0504628 | AT91: =(AR91*48)+(AS91) -> 0 | AU91: =(AT91/48) -> 0 | AV91: =(AU91/0.033814) -> 0 | AW91: =(AV91*0.03) -> 0 | AX91: =IF(AQ91="",0,VLOOKUP(AQ91,[1]!Costo_Twist,2,FALSE)*AU91) -> 0 | AY91: =(Z91+AH91+AP91+AX91) -> 20.905868 | AZ91: =(W91+AE91+AM91+AU91) -> 0.17708333 | BA91: =(Q91+AZ91) -> 128.17708 | BB91: =IF(BA91>=133,"sobrellenado","ok") -> ok | BC91: =IF((COUNTIF($AA91,$S91)+COUNTIF($AI91,$S91)+COUNTIF($AQ91,$S91)+COUNTIF($S91,$AA91)+COUNTIF($AI91,$AA91)+COUNTIF($AQ91,$AA91)+COUNTIF($S91,$AI91)+COUNTIF($AA91,$AI91)+COUNTIF($AQ91,$AI91)+COUNTIF($S91,$AQ91)+COUNTIF($AA91,$AQ91)+COUNTIF($AI91,$AQ91))>1,"Falla","ok") -> ok | BE91: =IF(S91=$BE$39,X91,IF(AA91=$BE$39,AF91,IF(AI91=$BE$39,AN91,IF(AQ91=$BE$39,AV91)))) -> FALSE | BF91: =IF(S91=$BF$39,X91,IF(AA91=$BF$39,AF91,IF(AI91=$BF$39,AN91,IF(AQ91=$BF$39,AV91)))) -> FALSE | BG91: =IF(S91=$BG$39,X91,IF(AA91=$BG$39,AF91,IF(AI91=$BG$39,AN91,IF(AQ91=$BG$39,AV91)))) -> 1.8483468 | BH91: =IF(S91=$BH$39,X91,IF(AA91=$BH$39,AF91,IF(AI91=$BH$39,AN91,IF(AQ91=$BH$39,AV91)))) -> FALSE | BI91: =IF(S91=$BI$39,X91,IF(AA91=$BI$39,AF91,IF(AI91=$BI$39,AN91,IF(AQ91=$BI$39,AV91)))) -> FALSE | BJ91: =IF(S91=$BJ$39,X91,IF(AA91=$BJ$39,AF91,IF(AI91=$BJ$39,AN91,IF(AQ91=$BJ$39,AV91)))) -> 2.7725203 | BK91: =IF(S91=$BK$39,X91,IF(AA91=$BK$39,AF91,IF(AI91=$BK$39,AN91,IF(AQ91=$BK$39,AV91)))) -> FALSE | BL91: =IF(S91=$BL$39,X91,IF(AA91=$BL$39,AF91,IF(AI91=$BL$39,AN91,IF(AQ91=$BL$39,AV91)))) -> FALSE | BM91: =IF(S91=$BM$39,X91,IF(AA91=$BM$39,AF91,IF(AI91=$BM$39,AN91,IF(AQ91=$BM$39,AV91)))) -> 0.61611561 | BN91: =IF(S91=$BN$39,X91,IF(AA91=$BN$39,AF91,IF(AI91=$BN$39,AN91,IF(AQ91=$BN$39,AV91)))) -> FALSE | BO91: =IF(S91=$BO$39,X91,IF(AA91=$BO$39,AF91,IF(AI91=$BO$39,AN91,IF(AQ91=$BO$39,AV91)))) -> FALSE | BP91: =IF(S91=$BP$39,X91,IF(AA91=$BP$39,AF91,IF(AI91=$BP$39,AN91,IF(AQ91=$BP$39,AV91)))) -> FALSE | BQ91: =IF(S91=$BQ$39,X91,IF(AA91=$BQ$39,AF91,IF(AI91=$BQ$39,AN91,IF(AQ91=$BQ$39,AV91)))) -> FALSE | BR91: =IF(S91=$BR$39,X91,IF(AA91=$BR$39,AF91,IF(AI91=$BR$39,AN91,IF(AQ91=$BR$39,AV91)))) -> FALSE
A92: Latex | B92: Latex Experto y Homologos | C92: Millennium | D92: Galon | E92: - | F92: - | G92: CW027W | H92: 251 | I92: 250 | J92: 228 | P92: Blanca | Q92: 128 | R92: =IF(P92=$A$32,$G$32,IF(P92=$A$33,$G$33,IF(P92=$A$34,$G$34,IF(P92=$A$35,$G$35)))) -> 0 | S92: CA | U92: 3.5 | V92: =(T92*48)+(U92) -> 3.5 | W92: =(V92/48) -> 0.072916667 | X92: =(W92/0.033814) -> 2.1564046 | Y92: =(X92*0.03) -> 0.064692139 | Z92: =IF(S92="",0,VLOOKUP(S92,[1]!Costo_Twist,2,FALSE)*W92) -> 4.9476471 | AA92: AV | AC92: 2 | AD92: =(AB92*48)+(AC92) -> 2 | AE92: =(AD92/48) -> 0.041666667 | AF92: =(AE92/0.033814) -> 1.2322312 | AG92: =(AF92*0.03) -> 0.036966937 | AH92: =IF(AA92="",0,VLOOKUP(AA92,[1]!Costo_Twist,2,FALSE)*AE92) -> 7.6627633 | AI92: OC | AK92: 1.5 | AL92: =(AJ92*48)+(AK92) -> 1.5 | AM92: =(AL92/48) -> 0.03125 | AN92: =(AM92/0.033814) -> 0.92417342 | AO92: =(AN92*0.03) -> 0.027725203 | AP92: =IF(AI92="",0,VLOOKUP(AI92,[1]!Costo_Twist,2,FALSE)*AM92) -> 4.5756942 | AT92: =(AR92*48)+(AS92) -> 0 | AU92: =(AT92/48) -> 0 | AV92: =(AU92/0.033814) -> 0 | AW92: =(AV92*0.03) -> 0 | AX92: =IF(AQ92="",0,VLOOKUP(AQ92,[1]!Costo_Twist,2,FALSE)*AU92) -> 0 | AY92: =(Z92+AH92+AP92+AX92) -> 17.186105 | AZ92: =(W92+AE92+AM92+AU92) -> 0.14583333 | BA92: =(Q92+AZ92) -> 128.14583 | BB92: =IF(BA92>=133,"sobrellenado","ok") -> ok | BC92: =IF((COUNTIF($AA92,$S92)+COUNTIF($AI92,$S92)+COUNTIF($AQ92,$S92)+COUNTIF($S92,$AA92)+COUNTIF($AI92,$AA92)+COUNTIF($AQ92,$AA92)+COUNTIF($S92,$AI92)+COUNTIF($AA92,$AI92)+COUNTIF($AQ92,$AI92)+COUNTIF($S92,$AQ92)+COUNTIF($AA92,$AQ92)+COUNTIF($AI92,$AQ92))>1,"Falla","ok") -> ok | BE92: =IF(S92=$BE$39,X92,IF(AA92=$BE$39,AF92,IF(AI92=$BE$39,AN92,IF(AQ92=$BE$39,AV92)))) -> FALSE | BF92: =IF(S92=$BF$39,X92,IF(AA92=$BF$39,AF92,IF(AI92=$BF$39,AN92,IF(AQ92=$BF$39,AV92)))) -> FALSE | BG92: =IF(S92=$BG$39,X92,IF(AA92=$BG$39,AF92,IF(AI92=$BG$39,AN92,IF(AQ92=$BG$39,AV92)))) -> 1.2322312 | BH92: =IF(S92=$BH$39,X92,IF(AA92=$BH$39,AF92,IF(AI92=$BH$39,AN92,IF(AQ92=$BH$39,AV92)))) -> FALSE | BI92: =IF(S92=$BI$39,X92,IF(AA92=$BI$39,AF92,IF(AI92=$BI$39,AN92,IF(AQ92=$BI$39,AV92)))) -> FALSE | BJ92: =IF(S92=$BJ$39,X92,IF(AA92=$BJ$39,AF92,IF(AI92=$BJ$39,AN92,IF(AQ92=$BJ$39,AV92)))) -> 2.1564046 | BK92: =IF(S92=$BK$39,X92,IF(AA92=$BK$39,AF92,IF(AI92=$BK$39,AN92,IF(AQ92=$BK$39,AV92)))) -> FALSE | BL92: =IF(S92=$BL$39,X92,IF(AA92=$BL$39,AF92,IF(AI92=$BL$39,AN92,IF(AQ92=$BL$39,AV92)))) -> FALSE | BM92: =IF(S92=$BM$39,X92,IF(AA92=$BM$39,AF92,IF(AI92=$BM$39,AN92,IF(AQ92=$BM$39,AV92)))) -> 0.92417342 | BN92: =IF(S92=$BN$39,X92,IF(AA92=$BN$39,AF92,IF(AI92=$BN$39,AN92,IF(AQ92=$BN$39,AV92)))) -> FALSE | BO92: =IF(S92=$BO$39,X92,IF(AA92=$BO$39,AF92,IF(AI92=$BO$39,AN92,IF(AQ92=$BO$39,AV92)))) -> FALSE | BP92: =IF(S92=$BP$39,X92,IF(AA92=$BP$39,AF92,IF(AI92=$BP$39,AN92,IF(AQ92=$BP$39,AV92)))) -> FALSE | BQ92: =IF(S92=$BQ$39,X92,IF(AA92=$BQ$39,AF92,IF(AI92=$BQ$39,AN92,IF(AQ92=$BQ$39,AV92)))) -> FALSE | BR92: =IF(S92=$BR$39,X92,IF(AA92=$BR$39,AF92,IF(AI92=$BR$39,AN92,IF(AQ92=$BR$39,AV92)))) -> FALSE
A93: Latex | B93: Latex Experto y Homologos | C93: Millennium | D93: Galon | E93: - | F93: - | G93: CW028W | H93: 249 | I93: 243 | J93: 222 | P93: Blanca | Q93: 128 | R93: =IF(P93=$A$32,$G$32,IF(P93=$A$33,$G$33,IF(P93=$A$34,$G$34,IF(P93=$A$35,$G$35)))) -> 0 | S93: CA | U93: 0.5 | V93: =(T93*48)+(U93) -> 0.5 | W93: =(V93/48) -> 0.010416667 | X93: =(W93/0.033814) -> 0.30805781 | Y93: =(X93*0.03) -> 0.0092417342 | Z93: =IF(S93="",0,VLOOKUP(S93,[1]!Costo_Twist,2,FALSE)*W93) -> 0.70680673 | AA93: VI | AC93: 2.5 | AD93: =(AB93*48)+(AC93) -> 2.5 | AE93: =(AD93/48) -> 0.052083333 | AF93: =(AE93/0.033814) -> 1.540289 | AG93: =(AF93*0.03) -> 0.046208671 | AH93: =IF(AA93="",0,VLOOKUP(AA93,[1]!Costo_Twist,2,FALSE)*AE93) -> 10.554603 | AI93: OC | AK93: 6 | AL93: =(AJ93*48)+(AK93) -> 6 | AM93: =(AL93/48) -> 0.125 | AN93: =(AM93/0.033814) -> 3.6966937 | AO93: =(AN93*0.03) -> 0.11090081 | AP93: =IF(AI93="",0,VLOOKUP(AI93,[1]!Costo_Twist,2,FALSE)*AM93) -> 18.302777 | AT93: =(AR93*48)+(AS93) -> 0 | AU93: =(AT93/48) -> 0 | AV93: =(AU93/0.033814) -> 0 | AW93: =(AV93*0.03) -> 0 | AX93: =IF(AQ93="",0,VLOOKUP(AQ93,[1]!Costo_Twist,2,FALSE)*AU93) -> 0 | AY93: =(Z93+AH93+AP93+AX93) -> 29.564186 | AZ93: =(W93+AE93+AM93+AU93) -> 0.1875 | BA93: =(Q93+AZ93) -> 128.1875 | BB93: =IF(BA93>=133,"sobrellenado","ok") -> ok | BC93: =IF((COUNTIF($AA93,$S93)+COUNTIF($AI93,$S93)+COUNTIF($AQ93,$S93)+COUNTIF($S93,$AA93)+COUNTIF($AI93,$AA93)+COUNTIF($AQ93,$AA93)+COUNTIF($S93,$AI93)+COUNTIF($AA93,$AI93)+COUNTIF($AQ93,$AI93)+COUNTIF($S93,$AQ93)+COUNTIF($AA93,$AQ93)+COUNTIF($AI93,$AQ93))>1,"Falla","ok") -> ok | BE93: =IF(S93=$BE$39,X93,IF(AA93=$BE$39,AF93,IF(AI93=$BE$39,AN93,IF(AQ93=$BE$39,AV93)))) -> FALSE | BF93: =IF(S93=$BF$39,X93,IF(AA93=$BF$39,AF93,IF(AI93=$BF$39,AN93,IF(AQ93=$BF$39,AV93)))) -> FALSE | BG93: =IF(S93=$BG$39,X93,IF(AA93=$BG$39,AF93,IF(AI93=$BG$39,AN93,IF(AQ93=$BG$39,AV93)))) -> FALSE | BH93: =IF(S93=$BH$39,X93,IF(AA93=$BH$39,AF93,IF(AI93=$BH$39,AN93,IF(AQ93=$BH$39,AV93)))) -> FALSE | BI93: =IF(S93=$BI$39,X93,IF(AA93=$BI$39,AF93,IF(AI93=$BI$39,AN93,IF(AQ93=$BI$39,AV93)))) -> FALSE | BJ93: =IF(S93=$BJ$39,X93,IF(AA93=$BJ$39,AF93,IF(AI93=$BJ$39,AN93,IF(AQ93=$BJ$39,AV93)))) -> 0.30805781 | BK93: =IF(S93=$BK$39,X93,IF(AA93=$BK$39,AF93,IF(AI93=$BK$39,AN93,IF(AQ93=$BK$39,AV93)))) -> FALSE | BL93: =IF(S93=$BL$39,X93,IF(AA93=$BL$39,AF93,IF(AI93=$BL$39,AN93,IF(AQ93=$BL$39,AV93)))) -> FALSE | BM93: =IF(S93=$BM$39,X93,IF(AA93=$BM$39,AF93,IF(AI93=$BM$39,AN93,IF(AQ93=$BM$39,AV93)))) -> 3.6966937 | BN93: =IF(S93=$BN$39,X93,IF(AA93=$BN$39,AF93,IF(AI93=$BN$39,AN93,IF(AQ93=$BN$39,AV93)))) -> FALSE | BO93: =IF(S93=$BO$39,X93,IF(AA93=$BO$39,AF93,IF(AI93=$BO$39,AN93,IF(AQ93=$BO$39,AV93)))) -> FALSE | BP93: =IF(S93=$BP$39,X93,IF(AA93=$BP$39,AF93,IF(AI93=$BP$39,AN93,IF(AQ93=$BP$39,AV93)))) -> FALSE | BQ93: =IF(S93=$BQ$39,X93,IF(AA93=$BQ$39,AF93,IF(AI93=$BQ$39,AN93,IF(AQ93=$BQ$39,AV93)))) -> FALSE | BR93: =IF(S93=$BR$39,X93,IF(AA93=$BR$39,AF93,IF(AI93=$BR$39,AN93,IF(AQ93=$BR$39,AV93)))) -> 1.540289
A94: Latex | B94: Latex Experto y Homologos | C94: Millennium | D94: Galon | E94: - | F94: - | G94: CW029W | H94: 249 | I94: 247 | J94: 227 | P94: Blanca | Q94: 128 | R94: =IF(P94=$A$32,$G$32,IF(P94=$A$33,$G$33,IF(P94=$A$34,$G$34,IF(P94=$A$35,$G$35)))) -> 0 | S94: CA | U94: 3 | V94: =(T94*48)+(U94) -> 3 | W94: =(V94/48) -> 0.0625 | X94: =(W94/0.033814) -> 1.8483468 | Y94: =(X94*0.03) -> 0.055450405 | Z94: =IF(S94="",0,VLOOKUP(S94,[1]!Costo_Twist,2,FALSE)*W94) -> 4.2408404 | AA94: VI | AC94: 0.5 | AD94: =(AB94*48)+(AC94) -> 0.5 | AE94: =(AD94/48) -> 0.010416667 | AF94: =(AE94/0.033814) -> 0.30805781 | AG94: =(AF94*0.03) -> 0.0092417342 | AH94: =IF(AA94="",0,VLOOKUP(AA94,[1]!Costo_Twist,2,FALSE)*AE94) -> 2.1109205 | AI94: OC | AK94: 3.5 | AL94: =(AJ94*48)+(AK94) -> 3.5 | AM94: =(AL94/48) -> 0.072916667 | AN94: =(AM94/0.033814) -> 2.1564046 | AO94: =(AN94*0.03) -> 0.064692139 | AP94: =IF(AI94="",0,VLOOKUP(AI94,[1]!Costo_Twist,2,FALSE)*AM94) -> 10.67662 | AT94: =(AR94*48)+(AS94) -> 0 | AU94: =(AT94/48) -> 0 | AV94: =(AU94/0.033814) -> 0 | AW94: =(AV94*0.03) -> 0 | AX94: =IF(AQ94="",0,VLOOKUP(AQ94,[1]!Costo_Twist,2,FALSE)*AU94) -> 0 | AY94: =(Z94+AH94+AP94+AX94) -> 17.028381 | AZ94: =(W94+AE94+AM94+AU94) -> 0.14583333 | BA94: =(Q94+AZ94) -> 128.14583 | BB94: =IF(BA94>=133,"sobrellenado","ok") -> ok | BC94: =IF((COUNTIF($AA94,$S94)+COUNTIF($AI94,$S94)+COUNTIF($AQ94,$S94)+COUNTIF($S94,$AA94)+COUNTIF($AI94,$AA94)+COUNTIF($AQ94,$AA94)+COUNTIF($S94,$AI94)+COUNTIF($AA94,$AI94)+COUNTIF($AQ94,$AI94)+COUNTIF($S94,$AQ94)+COUNTIF($AA94,$AQ94)+COUNTIF($AI94,$AQ94))>1,"Falla","ok") -> ok | BE94: =IF(S94=$BE$39,X94,IF(AA94=$BE$39,AF94,IF(AI94=$BE$39,AN94,IF(AQ94=$BE$39,AV94)))) -> FALSE | BF94: =IF(S94=$BF$39,X94,IF(AA94=$BF$39,AF94,IF(AI94=$BF$39,AN94,IF(AQ94=$BF$39,AV94)))) -> FALSE | BG94: =IF(S94=$BG$39,X94,IF(AA94=$BG$39,AF94,IF(AI94=$BG$39,AN94,IF(AQ94=$BG$39,AV94)))) -> FALSE | BH94: =IF(S94=$BH$39,X94,IF(AA94=$BH$39,AF94,IF(AI94=$BH$39,AN94,IF(AQ94=$BH$39,AV94)))) -> FALSE | BI94: =IF(S94=$BI$39,X94,IF(AA94=$BI$39,AF94,IF(AI94=$BI$39,AN94,IF(AQ94=$BI$39,AV94)))) -> FALSE | BJ94: =IF(S94=$BJ$39,X94,IF(AA94=$BJ$39,AF94,IF(AI94=$BJ$39,AN94,IF(AQ94=$BJ$39,AV94)))) -> 1.8483468 | BK94: =IF(S94=$BK$39,X94,IF(AA94=$BK$39,AF94,IF(AI94=$BK$39,AN94,IF(AQ94=$BK$39,AV94)))) -> FALSE | BL94: =IF(S94=$BL$39,X94,IF(AA94=$BL$39,AF94,IF(AI94=$BL$39,AN94,IF(AQ94=$BL$39,AV94)))) -> FALSE | BM94: =IF(S94=$BM$39,X94,IF(AA94=$BM$39,AF94,IF(AI94=$BM$39,AN94,IF(AQ94=$BM$39,AV94)))) -> 2.1564046 | BN94: =IF(S94=$BN$39,X94,IF(AA94=$BN$39,AF94,IF(AI94=$BN$39,AN94,IF(AQ94=$BN$39,AV94)))) -> FALSE | BO94: =IF(S94=$BO$39,X94,IF(AA94=$BO$39,AF94,IF(AI94=$BO$39,AN94,IF(AQ94=$BO$39,AV94)))) -> FALSE | BP94: =IF(S94=$BP$39,X94,IF(AA94=$BP$39,AF94,IF(AI94=$BP$39,AN94,IF(AQ94=$BP$39,AV94)))) -> FALSE | BQ94: =IF(S94=$BQ$39,X94,IF(AA94=$BQ$39,AF94,IF(AI94=$BQ$39,AN94,IF(AQ94=$BQ$39,AV94)))) -> FALSE | BR94: =IF(S94=$BR$39,X94,IF(AA94=$BR$39,AF94,IF(AI94=$BR$39,AN94,IF(AQ94=$BR$39,AV94)))) -> 0.30805781
A95: Latex | B95: Latex Experto y Homologos | C95: Millennium | D95: Galon | E95: - | F95: - | G95: CW030W | H95: 249 | I95: 251 | J95: 237 | P95: Blanca | Q95: 128 | R95: =IF(P95=$A$32,$G$32,IF(P95=$A$33,$G$33,IF(P95=$A$34,$G$34,IF(P95=$A$35,$G$35)))) -> 0 | S95: CA | U95: 4 | V95: =(T95*48)+(U95) -> 4 | W95: =(V95/48) -> 0.083333333 | X95: =(W95/0.033814) -> 2.4644625 | Y95: =(X95*0.03) -> 0.073933874 | Z95: =IF(S95="",0,VLOOKUP(S95,[1]!Costo_Twist,2,FALSE)*W95) -> 5.6544539 | AA95: AV | AC95: 1 | AD95: =(AB95*48)+(AC95) -> 1 | AE95: =(AD95/48) -> 0.020833333 | AF95: =(AE95/0.033814) -> 0.61611561 | AG95: =(AF95*0.03) -> 0.018483468 | AH95: =IF(AA95="",0,VLOOKUP(AA95,[1]!Costo_Twist,2,FALSE)*AE95) -> 3.8313817 | AI95: OC | AK95: 0.5 | AL95: =(AJ95*48)+(AK95) -> 0.5 | AM95: =(AL95/48) -> 0.010416667 | AN95: =(AM95/0.033814) -> 0.30805781 | AO95: =(AN95*0.03) -> 0.0092417342 | AP95: =IF(AI95="",0,VLOOKUP(AI95,[1]!Costo_Twist,2,FALSE)*AM95) -> 1.5252314 | AT95: =(AR95*48)+(AS95) -> 0 | AU95: =(AT95/48) -> 0 | AV95: =(AU95/0.033814) -> 0 | AW95: =(AV95*0.03) -> 0 | AX95: =IF(AQ95="",0,VLOOKUP(AQ95,[1]!Costo_Twist,2,FALSE)*AU95) -> 0 | AY95: =(Z95+AH95+AP95+AX95) -> 11.011067 | AZ95: =(W95+AE95+AM95+AU95) -> 0.11458333 | BA95: =(Q95+AZ95) -> 128.11458 | BB95: =IF(BA95>=133,"sobrellenado","ok") -> ok | BC95: =IF((COUNTIF($AA95,$S95)+COUNTIF($AI95,$S95)+COUNTIF($AQ95,$S95)+COUNTIF($S95,$AA95)+COUNTIF($AI95,$AA95)+COUNTIF($AQ95,$AA95)+COUNTIF($S95,$AI95)+COUNTIF($AA95,$AI95)+COUNTIF($AQ95,$AI95)+COUNTIF($S95,$AQ95)+COUNTIF($AA95,$AQ95)+COUNTIF($AI95,$AQ95))>1,"Falla","ok") -> ok | BE95: =IF(S95=$BE$39,X95,IF(AA95=$BE$39,AF95,IF(AI95=$BE$39,AN95,IF(AQ95=$BE$39,AV95)))) -> FALSE | BF95: =IF(S95=$BF$39,X95,IF(AA95=$BF$39,AF95,IF(AI95=$BF$39,AN95,IF(AQ95=$BF$39,AV95)))) -> FALSE | BG95: =IF(S95=$BG$39,X95,IF(AA95=$BG$39,AF95,IF(AI95=$BG$39,AN95,IF(AQ95=$BG$39,AV95)))) -> 0.61611561 | BH95: =IF(S95=$BH$39,X95,IF(AA95=$BH$39,AF95,IF(AI95=$BH$39,AN95,IF(AQ95=$BH$39,AV95)))) -> FALSE | BI95: =IF(S95=$BI$39,X95,IF(AA95=$BI$39,AF95,IF(AI95=$BI$39,AN95,IF(AQ95=$BI$39,AV95)))) -> FALSE | BJ95: =IF(S95=$BJ$39,X95,IF(AA95=$BJ$39,AF95,IF(AI95=$BJ$39,AN95,IF(AQ95=$BJ$39,AV95)))) -> 2.4644625 | BK95: =IF(S95=$BK$39,X95,IF(AA95=$BK$39,AF95,IF(AI95=$BK$39,AN95,IF(AQ95=$BK$39,AV95)))) -> FALSE | BL95: =IF(S95=$BL$39,X95,IF(AA95=$BL$39,AF95,IF(AI95=$BL$39,AN95,IF(AQ95=$BL$39,AV95)))) -> FALSE | BM95: =IF(S95=$BM$39,X95,IF(AA95=$BM$39,AF95,IF(AI95=$BM$39,AN95,IF(AQ95=$BM$39,AV95)))) -> 0.30805781 | BN95: =IF(S95=$BN$39,X95,IF(AA95=$BN$39,AF95,IF(AI95=$BN$39,AN95,IF(AQ95=$BN$39,AV95)))) -> FALSE | BO95: =IF(S95=$BO$39,X95,IF(AA95=$BO$39,AF95,IF(AI95=$BO$39,AN95,IF(AQ95=$BO$39,AV95)))) -> FALSE | BP95: =IF(S95=$BP$39,X95,IF(AA95=$BP$39,AF95,IF(AI95=$BP$39,AN95,IF(AQ95=$BP$39,AV95)))) -> FALSE | BQ95: =IF(S95=$BQ$39,X95,IF(AA95=$BQ$39,AF95,IF(AI95=$BQ$39,AN95,IF(AQ95=$BQ$39,AV95)))) -> FALSE | BR95: =IF(S95=$BR$39,X95,IF(AA95=$BR$39,AF95,IF(AI95=$BR$39,AN95,IF(AQ95=$BR$39,AV95)))) -> FALSE
A96: Latex | B96: Latex Experto y Homologos | C96: Millennium | D96: Galon | E96: - | F96: - | G96: CW031W | H96: 244 | I96: 236 | J96: 220 | P96: Blanca | Q96: 128 | R96: =IF(P96=$A$32,$G$32,IF(P96=$A$33,$G$33,IF(P96=$A$34,$G$34,IF(P96=$A$35,$G$35)))) -> 0 | S96: VI | U96: 6 | V96: =(T96*48)+(U96) -> 6 | W96: =(V96/48) -> 0.125 | X96: =(W96/0.033814) -> 3.6966937 | Y96: =(X96*0.03) -> 0.11090081 | Z96: =IF(S96="",0,VLOOKUP(S96,[1]!Costo_Twist,2,FALSE)*W96) -> 25.331047 | AA96: OC | AC96: 6 | AD96: =(AB96*48)+(AC96) -> 6 | AE96: =(AD96/48) -> 0.125 | AF96: =(AE96/0.033814) -> 3.6966937 | AG96: =(AF96*0.03) -> 0.11090081 | AH96: =IF(AA96="",0,VLOOKUP(AA96,[1]!Costo_Twist,2,FALSE)*AE96) -> 18.302777 | AL96: =(AJ96*48)+(AK96) -> 0 | AM96: =(AL96/48) -> 0 | AN96: =(AM96/0.033814) -> 0 | AO96: =(AN96*0.03) -> 0 | AP96: =IF(AI96="",0,VLOOKUP(AI96,[1]!Costo_Twist,2,FALSE)*AM96) -> 0 | AT96: =(AR96*48)+(AS96) -> 0 | AU96: =(AT96/48) -> 0 | AV96: =(AU96/0.033814) -> 0 | AW96: =(AV96*0.03) -> 0 | AX96: =IF(AQ96="",0,VLOOKUP(AQ96,[1]!Costo_Twist,2,FALSE)*AU96) -> 0 | AY96: =(Z96+AH96+AP96+AX96) -> 43.633823 | AZ96: =(W96+AE96+AM96+AU96) -> 0.25 | BA96: =(Q96+AZ96) -> 128.25 | BB96: =IF(BA96>=133,"sobrellenado","ok") -> ok | BC96: =IF((COUNTIF($AA96,$S96)+COUNTIF($AI96,$S96)+COUNTIF($AQ96,$S96)+COUNTIF($S96,$AA96)+COUNTIF($AI96,$AA96)+COUNTIF($AQ96,$AA96)+COUNTIF($S96,$AI96)+COUNTIF($AA96,$AI96)+COUNTIF($AQ96,$AI96)+COUNTIF($S96,$AQ96)+COUNTIF($AA96,$AQ96)+COUNTIF($AI96,$AQ96))>1,"Falla","ok") -> ok | BE96: =IF(S96=$BE$39,X96,IF(AA96=$BE$39,AF96,IF(AI96=$BE$39,AN96,IF(AQ96=$BE$39,AV96)))) -> FALSE | BF96: =IF(S96=$BF$39,X96,IF(AA96=$BF$39,AF96,IF(AI96=$BF$39,AN96,IF(AQ96=$BF$39,AV96)))) -> FALSE | BG96: =IF(S96=$BG$39,X96,IF(AA96=$BG$39,AF96,IF(AI96=$BG$39,AN96,IF(AQ96=$BG$39,AV96)))) -> FALSE | BH96: =IF(S96=$BH$39,X96,IF(AA96=$BH$39,AF96,IF(AI96=$BH$39,AN96,IF(AQ96=$BH$39,AV96)))) -> FALSE | BI96: =IF(S96=$BI$39,X96,IF(AA96=$BI$39,AF96,IF(AI96=$BI$39,AN96,IF(AQ96=$BI$39,AV96)))) -> FALSE | BJ96: =IF(S96=$BJ$39,X96,IF(AA96=$BJ$39,AF96,IF(AI96=$BJ$39,AN96,IF(AQ96=$BJ$39,AV96)))) -> FALSE | BK96: =IF(S96=$BK$39,X96,IF(AA96=$BK$39,AF96,IF(AI96=$BK$39,AN96,IF(AQ96=$BK$39,AV96)))) -> FALSE | BL96: =IF(S96=$BL$39,X96,IF(AA96=$BL$39,AF96,IF(AI96=$BL$39,AN96,IF(AQ96=$BL$39,AV96)))) -> FALSE | BM96: =IF(S96=$BM$39,X96,IF(AA96=$BM$39,AF96,IF(AI96=$BM$39,AN96,IF(AQ96=$BM$39,AV96)))) -> 3.6966937 | BN96: =IF(S96=$BN$39,X96,IF(AA96=$BN$39,AF96,IF(AI96=$BN$39,AN96,IF(AQ96=$BN$39,AV96)))) -> FALSE | BO96: =IF(S96=$BO$39,X96,IF(AA96=$BO$39,AF96,IF(AI96=$BO$39,AN96,IF(AQ96=$BO$39,AV96)))) -> FALSE | BP96: =IF(S96=$BP$39,X96,IF(AA96=$BP$39,AF96,IF(AI96=$BP$39,AN96,IF(AQ96=$BP$39,AV96)))) -> FALSE | BQ96: =IF(S96=$BQ$39,X96,IF(AA96=$BQ$39,AF96,IF(AI96=$BQ$39,AN96,IF(AQ96=$BQ$39,AV96)))) -> FALSE | BR96: =IF(S96=$BR$39,X96,IF(AA96=$BR$39,AF96,IF(AI96=$BR$39,AN96,IF(AQ96=$BR$39,AV96)))) -> 3.6966937
A97: Latex | B97: Latex Experto y Homologos | C97: Millennium | D97: Galon | E97: - | F97: - | G97: CW032W | H97: 251 | I97: 248 | J97: 230 | P97: Blanca | Q97: 128 | R97: =IF(P97=$A$32,$G$32,IF(P97=$A$33,$G$33,IF(P97=$A$34,$G$34,IF(P97=$A$35,$G$35)))) -> 0 | S97: CA | U97: 2 | V97: =(T97*48)+(U97) -> 2 | W97: =(V97/48) -> 0.041666667 | X97: =(W97/0.033814) -> 1.2322312 | Y97: =(X97*0.03) -> 0.036966937 | Z97: =IF(S97="",0,VLOOKUP(S97,[1]!Costo_Twist,2,FALSE)*W97) -> 2.8272269 | AA97: VI | AC97: 0.5 | AD97: =(AB97*48)+(AC97) -> 0.5 | AE97: =(AD97/48) -> 0.010416667 | AF97: =(AE97/0.033814) -> 0.30805781 | AG97: =(AF97*0.03) -> 0.0092417342 | AH97: =IF(AA97="",0,VLOOKUP(AA97,[1]!Costo_Twist,2,FALSE)*AE97) -> 2.1109205 | AI97: OC | AK97: 2.5 | AL97: =(AJ97*48)+(AK97) -> 2.5 | AM97: =(AL97/48) -> 0.052083333 | AN97: =(AM97/0.033814) -> 1.540289 | AO97: =(AN97*0.03) -> 0.046208671 | AP97: =IF(AI97="",0,VLOOKUP(AI97,[1]!Costo_Twist,2,FALSE)*AM97) -> 7.626157 | AT97: =(AR97*48)+(AS97) -> 0 | AU97: =(AT97/48) -> 0 | AV97: =(AU97/0.033814) -> 0 | AW97: =(AV97*0.03) -> 0 | AX97: =IF(AQ97="",0,VLOOKUP(AQ97,[1]!Costo_Twist,2,FALSE)*AU97) -> 0 | AY97: =(Z97+AH97+AP97+AX97) -> 12.564304 | AZ97: =(W97+AE97+AM97+AU97) -> 0.10416667 | BA97: =(Q97+AZ97) -> 128.10417 | BB97: =IF(BA97>=133,"sobrellenado","ok") -> ok | BC97: =IF((COUNTIF($AA97,$S97)+COUNTIF($AI97,$S97)+COUNTIF($AQ97,$S97)+COUNTIF($S97,$AA97)+COUNTIF($AI97,$AA97)+COUNTIF($AQ97,$AA97)+COUNTIF($S97,$AI97)+COUNTIF($AA97,$AI97)+COUNTIF($AQ97,$AI97)+COUNTIF($S97,$AQ97)+COUNTIF($AA97,$AQ97)+COUNTIF($AI97,$AQ97))>1,"Falla","ok") -> ok | BE97: =IF(S97=$BE$39,X97,IF(AA97=$BE$39,AF97,IF(AI97=$BE$39,AN97,IF(AQ97=$BE$39,AV97)))) -> FALSE | BF97: =IF(S97=$BF$39,X97,IF(AA97=$BF$39,AF97,IF(AI97=$BF$39,AN97,IF(AQ97=$BF$39,AV97)))) -> FALSE | BG97: =IF(S97=$BG$39,X97,IF(AA97=$BG$39,AF97,IF(AI97=$BG$39,AN97,IF(AQ97=$BG$39,AV97)))) -> FALSE | BH97: =IF(S97=$BH$39,X97,IF(AA97=$BH$39,AF97,IF(AI97=$BH$39,AN97,IF(AQ97=$BH$39,AV97)))) -> FALSE | BI97: =IF(S97=$BI$39,X97,IF(AA97=$BI$39,AF97,IF(AI97=$BI$39,AN97,IF(AQ97=$BI$39,AV97)))) -> FALSE | BJ97: =IF(S97=$BJ$39,X97,IF(AA97=$BJ$39,AF97,IF(AI97=$BJ$39,AN97,IF(AQ97=$BJ$39,AV97)))) -> 1.2322312 | BK97: =IF(S97=$BK$39,X97,IF(AA97=$BK$39,AF97,IF(AI97=$BK$39,AN97,IF(AQ97=$BK$39,AV97)))) -> FALSE | BL97: =IF(S97=$BL$39,X97,IF(AA97=$BL$39,AF97,IF(AI97=$BL$39,AN97,IF(AQ97=$BL$39,AV97)))) -> FALSE | BM97: =IF(S97=$BM$39,X97,IF(AA97=$BM$39,AF97,IF(AI97=$BM$39,AN97,IF(AQ97=$BM$39,AV97)))) -> 1.540289 | BN97: =IF(S97=$BN$39,X97,IF(AA97=$BN$39,AF97,IF(AI97=$BN$39,AN97,IF(AQ97=$BN$39,AV97)))) -> FALSE | BO97: =IF(S97=$BO$39,X97,IF(AA97=$BO$39,AF97,IF(AI97=$BO$39,AN97,IF(AQ97=$BO$39,AV97)))) -> FALSE | BP97: =IF(S97=$BP$39,X97,IF(AA97=$BP$39,AF97,IF(AI97=$BP$39,AN97,IF(AQ97=$BP$39,AV97)))) -> FALSE | BQ97: =IF(S97=$BQ$39,X97,IF(AA97=$BQ$39,AF97,IF(AI97=$BQ$39,AN97,IF(AQ97=$BQ$39,AV97)))) -> FALSE | BR97: =IF(S97=$BR$39,X97,IF(AA97=$BR$39,AF97,IF(AI97=$BR$39,AN97,IF(AQ97=$BR$39,AV97)))) -> 0.30805781
A98: Latex | B98: Latex Experto y Homologos | C98: Millennium | D98: Galon | E98: - | F98: - | G98: CW033W | H98: 252 | I98: 252 | J98: 241 | P98: Blanca | Q98: 128 | R98: =IF(P98=$A$32,$G$32,IF(P98=$A$33,$G$33,IF(P98=$A$34,$G$34,IF(P98=$A$35,$G$35)))) -> 0 | S98: CA | U98: 2 | V98: =(T98*48)+(U98) -> 2 | W98: =(V98/48) -> 0.041666667 | X98: =(W98/0.033814) -> 1.2322312 | Y98: =(X98*0.03) -> 0.036966937 | Z98: =IF(S98="",0,VLOOKUP(S98,[1]!Costo_Twist,2,FALSE)*W98) -> 2.8272269 | AA98: AV | AC98: 1 | AD98: =(AB98*48)+(AC98) -> 1 | AE98: =(AD98/48) -> 0.020833333 | AF98: =(AE98/0.033814) -> 0.61611561 | AG98: =(AF98*0.03) -> 0.018483468 | AH98: =IF(AA98="",0,VLOOKUP(AA98,[1]!Costo_Twist,2,FALSE)*AE98) -> 3.8313817 | AI98: OC | AK98: 0.5 | AL98: =(AJ98*48)+(AK98) -> 0.5 | AM98: =(AL98/48) -> 0.010416667 | AN98: =(AM98/0.033814) -> 0.30805781 | AO98: =(AN98*0.03) -> 0.0092417342 | AP98: =IF(AI98="",0,VLOOKUP(AI98,[1]!Costo_Twist,2,FALSE)*AM98) -> 1.5252314 | AT98: =(AR98*48)+(AS98) -> 0 | AU98: =(AT98/48) -> 0 | AV98: =(AU98/0.033814) -> 0 | AW98: =(AV98*0.03) -> 0 | AX98: =IF(AQ98="",0,VLOOKUP(AQ98,[1]!Costo_Twist,2,FALSE)*AU98) -> 0 | AY98: =(Z98+AH98+AP98+AX98) -> 8.18384 | AZ98: =(W98+AE98+AM98+AU98) -> 0.072916667 | BA98: =(Q98+AZ98) -> 128.07292 | BB98: =IF(BA98>=133,"sobrellenado","ok") -> ok | BC98: =IF((COUNTIF($AA98,$S98)+COUNTIF($AI98,$S98)+COUNTIF($AQ98,$S98)+COUNTIF($S98,$AA98)+COUNTIF($AI98,$AA98)+COUNTIF($AQ98,$AA98)+COUNTIF($S98,$AI98)+COUNTIF($AA98,$AI98)+COUNTIF($AQ98,$AI98)+COUNTIF($S98,$AQ98)+COUNTIF($AA98,$AQ98)+COUNTIF($AI98,$AQ98))>1,"Falla","ok") -> ok | BE98: =IF(S98=$BE$39,X98,IF(AA98=$BE$39,AF98,IF(AI98=$BE$39,AN98,IF(AQ98=$BE$39,AV98)))) -> FALSE | BF98: =IF(S98=$BF$39,X98,IF(AA98=$BF$39,AF98,IF(AI98=$BF$39,AN98,IF(AQ98=$BF$39,AV98)))) -> FALSE | BG98: =IF(S98=$BG$39,X98,IF(AA98=$BG$39,AF98,IF(AI98=$BG$39,AN98,IF(AQ98=$BG$39,AV98)))) -> 0.61611561 | BH98: =IF(S98=$BH$39,X98,IF(AA98=$BH$39,AF98,IF(AI98=$BH$39,AN98,IF(AQ98=$BH$39,AV98)))) -> FALSE | BI98: =IF(S98=$BI$39,X98,IF(AA98=$BI$39,AF98,IF(AI98=$BI$39,AN98,IF(AQ98=$BI$39,AV98)))) -> FALSE | BJ98: =IF(S98=$BJ$39,X98,IF(AA98=$BJ$39,AF98,IF(AI98=$BJ$39,AN98,IF(AQ98=$BJ$39,AV98)))) -> 1.2322312 | BK98: =IF(S98=$BK$39,X98,IF(AA98=$BK$39,AF98,IF(AI98=$BK$39,AN98,IF(AQ98=$BK$39,AV98)))) -> FALSE | BL98: =IF(S98=$BL$39,X98,IF(AA98=$BL$39,AF98,IF(AI98=$BL$39,AN98,IF(AQ98=$BL$39,AV98)))) -> FALSE | BM98: =IF(S98=$BM$39,X98,IF(AA98=$BM$39,AF98,IF(AI98=$BM$39,AN98,IF(AQ98=$BM$39,AV98)))) -> 0.30805781 | BN98: =IF(S98=$BN$39,X98,IF(AA98=$BN$39,AF98,IF(AI98=$BN$39,AN98,IF(AQ98=$BN$39,AV98)))) -> FALSE | BO98: =IF(S98=$BO$39,X98,IF(AA98=$BO$39,AF98,IF(AI98=$BO$39,AN98,IF(AQ98=$BO$39,AV98)))) -> FALSE | BP98: =IF(S98=$BP$39,X98,IF(AA98=$BP$39,AF98,IF(AI98=$BP$39,AN98,IF(AQ98=$BP$39,AV98)))) -> FALSE | BQ98: =IF(S98=$BQ$39,X98,IF(AA98=$BQ$39,AF98,IF(AI98=$BQ$39,AN98,IF(AQ98=$BQ$39,AV98)))) -> FALSE | BR98: =IF(S98=$BR$39,X98,IF(AA98=$BR$39,AF98,IF(AI98=$BR$39,AN98,IF(AQ98=$BR$39,AV98)))) -> FALSE
A99: Latex | B99: Latex Experto y Homologos | C99: Millennium | D99: Galon | E99: - | F99: - | G99: CW034W | H99: 247 | I99: 241 | J99: 225 | P99: Blanca | Q99: 128 | R99: =IF(P99=$A$32,$G$32,IF(P99=$A$33,$G$33,IF(P99=$A$34,$G$34,IF(P99=$A$35,$G$35)))) -> 0 | S99: AZ | U99: 0.5 | V99: =(T99*48)+(U99) -> 0.5 | W99: =(V99/48) -> 0.010416667 | X99: =(W99/0.033814) -> 0.30805781 | Y99: =(X99*0.03) -> 0.0092417342 | Z99: =IF(S99="",0,VLOOKUP(S99,[1]!Costo_Twist,2,FALSE)*W99) -> 1.363731 | AA99: RJ | AC99: 1.5 | AD99: =(AB99*48)+(AC99) -> 1.5 | AE99: =(AD99/48) -> 0.03125 | AF99: =(AE99/0.033814) -> 0.92417342 | AG99: =(AF99*0.03) -> 0.027725203 | AH99: =IF(AA99="",0,VLOOKUP(AA99,[1]!Costo_Twist,2,FALSE)*AE99) -> 6.3750665 | AI99: OC | AK99: 4.5 | AL99: =(AJ99*48)+(AK99) -> 4.5 | AM99: =(AL99/48) -> 0.09375 | AN99: =(AM99/0.033814) -> 2.7725203 | AO99: =(AN99*0.03) -> 0.083175608 | AP99: =IF(AI99="",0,VLOOKUP(AI99,[1]!Costo_Twist,2,FALSE)*AM99) -> 13.727083 | AT99: =(AR99*48)+(AS99) -> 0 | AU99: =(AT99/48) -> 0 | AV99: =(AU99/0.033814) -> 0 | AW99: =(AV99*0.03) -> 0 | AX99: =IF(AQ99="",0,VLOOKUP(AQ99,[1]!Costo_Twist,2,FALSE)*AU99) -> 0 | AY99: =(Z99+AH99+AP99+AX99) -> 21.46588 | AZ99: =(W99+AE99+AM99+AU99) -> 0.13541667 | BA99: =(Q99+AZ99) -> 128.13542 | BB99: =IF(BA99>=133,"sobrellenado","ok") -> ok | BC99: =IF((COUNTIF($AA99,$S99)+COUNTIF($AI99,$S99)+COUNTIF($AQ99,$S99)+COUNTIF($S99,$AA99)+COUNTIF($AI99,$AA99)+COUNTIF($AQ99,$AA99)+COUNTIF($S99,$AI99)+COUNTIF($AA99,$AI99)+COUNTIF($AQ99,$AI99)+COUNTIF($S99,$AQ99)+COUNTIF($AA99,$AQ99)+COUNTIF($AI99,$AQ99))>1,"Falla","ok") -> ok | BE99: =IF(S99=$BE$39,X99,IF(AA99=$BE$39,AF99,IF(AI99=$BE$39,AN99,IF(AQ99=$BE$39,AV99)))) -> FALSE | BF99: =IF(S99=$BF$39,X99,IF(AA99=$BF$39,AF99,IF(AI99=$BF$39,AN99,IF(AQ99=$BF$39,AV99)))) -> FALSE | BG99: =IF(S99=$BG$39,X99,IF(AA99=$BG$39,AF99,IF(AI99=$BG$39,AN99,IF(AQ99=$BG$39,AV99)))) -> FALSE | BH99: =IF(S99=$BH$39,X99,IF(AA99=$BH$39,AF99,IF(AI99=$BH$39,AN99,IF(AQ99=$BH$39,AV99)))) -> 0.30805781 | BI99: =IF(S99=$BI$39,X99,IF(AA99=$BI$39,AF99,IF(AI99=$BI$39,AN99,IF(AQ99=$BI$39,AV99)))) -> FALSE | BJ99: =IF(S99=$BJ$39,X99,IF(AA99=$BJ$39,AF99,IF(AI99=$BJ$39,AN99,IF(AQ99=$BJ$39,AV99)))) -> FALSE | BK99: =IF(S99=$BK$39,X99,IF(AA99=$BK$39,AF99,IF(AI99=$BK$39,AN99,IF(AQ99=$BK$39,AV99)))) -> FALSE | BL99: =IF(S99=$BL$39,X99,IF(AA99=$BL$39,AF99,IF(AI99=$BL$39,AN99,IF(AQ99=$BL$39,AV99)))) -> FALSE | BM99: =IF(S99=$BM$39,X99,IF(AA99=$BM$39,AF99,IF(AI99=$BM$39,AN99,IF(AQ99=$BM$39,AV99)))) -> 2.7725203 | BN99: =IF(S99=$BN$39,X99,IF(AA99=$BN$39,AF99,IF(AI99=$BN$39,AN99,IF(AQ99=$BN$39,AV99)))) -> 0.92417342 | BO99: =IF(S99=$BO$39,X99,IF(AA99=$BO$39,AF99,IF(AI99=$BO$39,AN99,IF(AQ99=$BO$39,AV99)))) -> FALSE | BP99: =IF(S99=$BP$39,X99,IF(AA99=$BP$39,AF99,IF(AI99=$BP$39,AN99,IF(AQ99=$BP$39,AV99)))) -> FALSE | BQ99: =IF(S99=$BQ$39,X99,IF(AA99=$BQ$39,AF99,IF(AI99=$BQ$39,AN99,IF(AQ99=$BQ$39,AV99)))) -> FALSE | BR99: =IF(S99=$BR$39,X99,IF(AA99=$BR$39,AF99,IF(AI99=$BR$39,AN99,IF(AQ99=$BR$39,AV99)))) -> FALSE
A100: Latex | B100: Latex Experto y Homologos | C100: Millennium | D100: Galon | E100: - | F100: - | G100: CW035W | H100: 248 | I100: 242 | J100: 226 | P100: Blanca | Q100: 128 | R100: =IF(P100=$A$32,$G$32,IF(P100=$A$33,$G$33,IF(P100=$A$34,$G$34,IF(P100=$A$35,$G$35)))) -> 0 | S100: CA | U100: 6.5 | V100: =(T100*48)+(U100) -> 6.5 | W100: =(V100/48) -> 0.13541667 | X100: =(W100/0.033814) -> 4.0047515 | Y100: =(X100*0.03) -> 0.12014254 | Z100: =IF(S100="",0,VLOOKUP(S100,[1]!Costo_Twist,2,FALSE)*W100) -> 9.1884875 | AA100: RJ | AC100: 1 | AD100: =(AB100*48)+(AC100) -> 1 | AE100: =(AD100/48) -> 0.020833333 | AF100: =(AE100/0.033814) -> 0.61611561 | AG100: =(AF100*0.03) -> 0.018483468 | AH100: =IF(AA100="",0,VLOOKUP(AA100,[1]!Costo_Twist,2,FALSE)*AE100) -> 4.2500444 | AI100: OC | AK100: 2 | AL100: =(AJ100*48)+(AK100) -> 2 | AM100: =(AL100/48) -> 0.041666667 | AN100: =(AM100/0.033814) -> 1.2322312 | AO100: =(AN100*0.03) -> 0.036966937 | AP100: =IF(AI100="",0,VLOOKUP(AI100,[1]!Costo_Twist,2,FALSE)*AM100) -> 6.1009256 | AT100: =(AR100*48)+(AS100) -> 0 | AU100: =(AT100/48) -> 0 | AV100: =(AU100/0.033814) -> 0 | AW100: =(AV100*0.03) -> 0 | AX100: =IF(AQ100="",0,VLOOKUP(AQ100,[1]!Costo_Twist,2,FALSE)*AU100) -> 0 | AY100: =(Z100+AH100+AP100+AX100) -> 19.539457 | AZ100: =(W100+AE100+AM100+AU100) -> 0.19791667 | BA100: =(Q100+AZ100) -> 128.19792 | BB100: =IF(BA100>=133,"sobrellenado","ok") -> ok | BC100: =IF((COUNTIF($AA100,$S100)+COUNTIF($AI100,$S100)+COUNTIF($AQ100,$S100)+COUNTIF($S100,$AA100)+COUNTIF($AI100,$AA100)+COUNTIF($AQ100,$AA100)+COUNTIF($S100,$AI100)+COUNTIF($AA100,$AI100)+COUNTIF($AQ100,$AI100)+COUNTIF($S100,$AQ100)+COUNTIF($AA100,$AQ100)+COUNTIF($AI100,$AQ100))>1,"Falla","ok") -> ok | BE100: =IF(S100=$BE$39,X100,IF(AA100=$BE$39,AF100,IF(AI100=$BE$39,AN100,IF(AQ100=$BE$39,AV100)))) -> FALSE | BF100: =IF(S100=$BF$39,X100,IF(AA100=$BF$39,AF100,IF(AI100=$BF$39,AN100,IF(AQ100=$BF$39,AV100)))) -> FALSE | BG100: =IF(S100=$BG$39,X100,IF(AA100=$BG$39,AF100,IF(AI100=$BG$39,AN100,IF(AQ100=$BG$39,AV100)))) -> FALSE | BH100: =IF(S100=$BH$39,X100,IF(AA100=$BH$39,AF100,IF(AI100=$BH$39,AN100,IF(AQ100=$BH$39,AV100)))) -> FALSE | BI100: =IF(S100=$BI$39,X100,IF(AA100=$BI$39,AF100,IF(AI100=$BI$39,AN100,IF(AQ100=$BI$39,AV100)))) -> FALSE | BJ100: =IF(S100=$BJ$39,X100,IF(AA100=$BJ$39,AF100,IF(AI100=$BJ$39,AN100,IF(AQ100=$BJ$39,AV100)))) -> 4.0047515 | BK100: =IF(S100=$BK$39,X100,IF(AA100=$BK$39,AF100,IF(AI100=$BK$39,AN100,IF(AQ100=$BK$39,AV100)))) -> FALSE | BL100: =IF(S100=$BL$39,X100,IF(AA100=$BL$39,AF100,IF(AI100=$BL$39,AN100,IF(AQ100=$BL$39,AV100)))) -> FALSE | BM100: =IF(S100=$BM$39,X100,IF(AA100=$BM$39,AF100,IF(AI100=$BM$39,AN100,IF(AQ100=$BM$39,AV100)))) -> 1.2322312 | BN100: =IF(S100=$BN$39,X100,IF(AA100=$BN$39,AF100,IF(AI100=$BN$39,AN100,IF(AQ100=$BN$39,AV100)))) -> 0.61611561 | BO100: =IF(S100=$BO$39,X100,IF(AA100=$BO$39,AF100,IF(AI100=$BO$39,AN100,IF(AQ100=$BO$39,AV100)))) -> FALSE | BP100: =IF(S100=$BP$39,X100,IF(AA100=$BP$39,AF100,IF(AI100=$BP$39,AN100,IF(AQ100=$BP$39,AV100)))) -> FALSE | BQ100: =IF(S100=$BQ$39,X100,IF(AA100=$BQ$39,AF100,IF(AI100=$BQ$39,AN100,IF(AQ100=$BQ$39,AV100)))) -> FALSE | BR100: =IF(S100=$BR$39,X100,IF(AA100=$BR$39,AF100,IF(AI100=$BR$39,AN100,IF(AQ100=$BR$39,AV100)))) -> FALSE
A101: Latex | B101: Latex Experto y Homologos | C101: Millennium | D101: Galon | E101: - | F101: - | G101: CW036W | H101: 249 | I101: 247 | J101: 235 | P101: Blanca | Q101: 128 | R101: =IF(P101=$A$32,$G$32,IF(P101=$A$33,$G$33,IF(P101=$A$34,$G$34,IF(P101=$A$35,$G$35)))) -> 0 | S101: CA | U101: 2 | V101: =(T101*48)+(U101) -> 2 | W101: =(V101/48) -> 0.041666667 | X101: =(W101/0.033814) -> 1.2322312 | Y101: =(X101*0.03) -> 0.036966937 | Z101: =IF(S101="",0,VLOOKUP(S101,[1]!Costo_Twist,2,FALSE)*W101) -> 2.8272269 | AA101: VI | AC101: 2 | AD101: =(AB101*48)+(AC101) -> 2 | AE101: =(AD101/48) -> 0.041666667 | AF101: =(AE101/0.033814) -> 1.2322312 | AG101: =(AF101*0.03) -> 0.036966937 | AH101: =IF(AA101="",0,VLOOKUP(AA101,[1]!Costo_Twist,2,FALSE)*AE101) -> 8.4436822 | AI101: OC | AK101: 2.5 | AL101: =(AJ101*48)+(AK101) -> 2.5 | AM101: =(AL101/48) -> 0.052083333 | AN101: =(AM101/0.033814) -> 1.540289 | AO101: =(AN101*0.03) -> 0.046208671 | AP101: =IF(AI101="",0,VLOOKUP(AI101,[1]!Costo_Twist,2,FALSE)*AM101) -> 7.626157 | AT101: =(AR101*48)+(AS101) -> 0 | AU101: =(AT101/48) -> 0 | AV101: =(AU101/0.033814) -> 0 | AW101: =(AV101*0.03) -> 0 | AX101: =IF(AQ101="",0,VLOOKUP(AQ101,[1]!Costo_Twist,2,FALSE)*AU101) -> 0 | AY101: =(Z101+AH101+AP101+AX101) -> 18.897066 | AZ101: =(W101+AE101+AM101+AU101) -> 0.13541667 | BA101: =(Q101+AZ101) -> 128.13542 | BB101: =IF(BA101>=133,"sobrellenado","ok") -> ok | BC101: =IF((COUNTIF($AA101,$S101)+COUNTIF($AI101,$S101)+COUNTIF($AQ101,$S101)+COUNTIF($S101,$AA101)+COUNTIF($AI101,$AA101)+COUNTIF($AQ101,$AA101)+COUNTIF($S101,$AI101)+COUNTIF($AA101,$AI101)+COUNTIF($AQ101,$AI101)+COUNTIF($S101,$AQ101)+COUNTIF($AA101,$AQ101)+COUNTIF($AI101,$AQ101))>1,"Falla","ok") -> ok | BE101: =IF(S101=$BE$39,X101,IF(AA101=$BE$39,AF101,IF(AI101=$BE$39,AN101,IF(AQ101=$BE$39,AV101)))) -> FALSE | BF101: =IF(S101=$BF$39,X101,IF(AA101=$BF$39,AF101,IF(AI101=$BF$39,AN101,IF(AQ101=$BF$39,AV101)))) -> FALSE | BG101: =IF(S101=$BG$39,X101,IF(AA101=$BG$39,AF101,IF(AI101=$BG$39,AN101,IF(AQ101=$BG$39,AV101)))) -> FALSE | BH101: =IF(S101=$BH$39,X101,IF(AA101=$BH$39,AF101,IF(AI101=$BH$39,AN101,IF(AQ101=$BH$39,AV101)))) -> FALSE | BI101: =IF(S101=$BI$39,X101,IF(AA101=$BI$39,AF101,IF(AI101=$BI$39,AN101,IF(AQ101=$BI$39,AV101)))) -> FALSE | BJ101: =IF(S101=$BJ$39,X101,IF(AA101=$BJ$39,AF101,IF(AI101=$BJ$39,AN101,IF(AQ101=$BJ$39,AV101)))) -> 1.2322312 | BK101: =IF(S101=$BK$39,X101,IF(AA101=$BK$39,AF101,IF(AI101=$BK$39,AN101,IF(AQ101=$BK$39,AV101)))) -> FALSE | BL101: =IF(S101=$BL$39,X101,IF(AA101=$BL$39,AF101,IF(AI101=$BL$39,AN101,IF(AQ101=$BL$39,AV101)))) -> FALSE | BM101: =IF(S101=$BM$39,X101,IF(AA101=$BM$39,AF101,IF(AI101=$BM$39,AN101,IF(AQ101=$BM$39,AV101)))) -> 1.540289 | BN101: =IF(S101=$BN$39,X101,IF(AA101=$BN$39,AF101,IF(AI101=$BN$39,AN101,IF(AQ101=$BN$39,AV101)))) -> FALSE | BO101: =IF(S101=$BO$39,X101,IF(AA101=$BO$39,AF101,IF(AI101=$BO$39,AN101,IF(AQ101=$BO$39,AV101)))) -> FALSE | BP101: =IF(S101=$BP$39,X101,IF(AA101=$BP$39,AF101,IF(AI101=$BP$39,AN101,IF(AQ101=$BP$39,AV101)))) -> FALSE | BQ101: =IF(S101=$BQ$39,X101,IF(AA101=$BQ$39,AF101,IF(AI101=$BQ$39,AN101,IF(AQ101=$BQ$39,AV101)))) -> FALSE | BR101: =IF(S101=$BR$39,X101,IF(AA101=$BR$39,AF101,IF(AI101=$BR$39,AN101,IF(AQ101=$BR$39,AV101)))) -> 1.2322312
A102: Latex | B102: Latex Experto y Homologos | C102: Millennium | D102: Galon | E102: - | F102: - | G102: CW037W | H102: 242 | I102: 236 | J102: 223 | P102: Blanca | Q102: 128 | R102: =IF(P102=$A$32,$G$32,IF(P102=$A$33,$G$33,IF(P102=$A$34,$G$34,IF(P102=$A$35,$G$35)))) -> 0 | S102: CA | U102: 14 | V102: =(T102*48)+(U102) -> 14 | W102: =(V102/48) -> 0.29166667 | X102: =(W102/0.033814) -> 8.6256186 | Y102: =(X102*0.03) -> 0.25876856 | Z102: =IF(S102="",0,VLOOKUP(S102,[1]!Costo_Twist,2,FALSE)*W102) -> 19.790589 | AA102: MA | AC102: 3 | AD102: =(AB102*48)+(AC102) -> 3 | AE102: =(AD102/48) -> 0.0625 | AF102: =(AE102/0.033814) -> 1.8483468 | AG102: =(AF102*0.03) -> 0.055450405 | AH102: =IF(AA102="",0,VLOOKUP(AA102,[1]!Costo_Twist,2,FALSE)*AE102) -> 18.156364 | AI102: OC | AK102: 0.5 | AL102: =(AJ102*48)+(AK102) -> 0.5 | AM102: =(AL102/48) -> 0.010416667 | AN102: =(AM102/0.033814) -> 0.30805781 | AO102: =(AN102*0.03) -> 0.0092417342 | AP102: =IF(AI102="",0,VLOOKUP(AI102,[1]!Costo_Twist,2,FALSE)*AM102) -> 1.5252314 | AT102: =(AR102*48)+(AS102) -> 0 | AU102: =(AT102/48) -> 0 | AV102: =(AU102/0.033814) -> 0 | AW102: =(AV102*0.03) -> 0 | AX102: =IF(AQ102="",0,VLOOKUP(AQ102,[1]!Costo_Twist,2,FALSE)*AU102) -> 0 | AY102: =(Z102+AH102+AP102+AX102) -> 39.472184 | AZ102: =(W102+AE102+AM102+AU102) -> 0.36458333 | BA102: =(Q102+AZ102) -> 128.36458 | BB102: =IF(BA102>=133,"sobrellenado","ok") -> ok | BC102: =IF((COUNTIF($AA102,$S102)+COUNTIF($AI102,$S102)+COUNTIF($AQ102,$S102)+COUNTIF($S102,$AA102)+COUNTIF($AI102,$AA102)+COUNTIF($AQ102,$AA102)+COUNTIF($S102,$AI102)+COUNTIF($AA102,$AI102)+COUNTIF($AQ102,$AI102)+COUNTIF($S102,$AQ102)+COUNTIF($AA102,$AQ102)+COUNTIF($AI102,$AQ102))>1,"Falla","ok") -> ok | BE102: =IF(S102=$BE$39,X102,IF(AA102=$BE$39,AF102,IF(AI102=$BE$39,AN102,IF(AQ102=$BE$39,AV102)))) -> FALSE | BF102: =IF(S102=$BF$39,X102,IF(AA102=$BF$39,AF102,IF(AI102=$BF$39,AN102,IF(AQ102=$BF$39,AV102)))) -> FALSE | BG102: =IF(S102=$BG$39,X102,IF(AA102=$BG$39,AF102,IF(AI102=$BG$39,AN102,IF(AQ102=$BG$39,AV102)))) -> FALSE | BH102: =IF(S102=$BH$39,X102,IF(AA102=$BH$39,AF102,IF(AI102=$BH$39,AN102,IF(AQ102=$BH$39,AV102)))) -> FALSE | BI102: =IF(S102=$BI$39,X102,IF(AA102=$BI$39,AF102,IF(AI102=$BI$39,AN102,IF(AQ102=$BI$39,AV102)))) -> FALSE | BJ102: =IF(S102=$BJ$39,X102,IF(AA102=$BJ$39,AF102,IF(AI102=$BJ$39,AN102,IF(AQ102=$BJ$39,AV102)))) -> 8.6256186 | BK102: =IF(S102=$BK$39,X102,IF(AA102=$BK$39,AF102,IF(AI102=$BK$39,AN102,IF(AQ102=$BK$39,AV102)))) -> 1.8483468 | BL102: =IF(S102=$BL$39,X102,IF(AA102=$BL$39,AF102,IF(AI102=$BL$39,AN102,IF(AQ102=$BL$39,AV102)))) -> FALSE | BM102: =IF(S102=$BM$39,X102,IF(AA102=$BM$39,AF102,IF(AI102=$BM$39,AN102,IF(AQ102=$BM$39,AV102)))) -> 0.30805781 | BN102: =IF(S102=$BN$39,X102,IF(AA102=$BN$39,AF102,IF(AI102=$BN$39,AN102,IF(AQ102=$BN$39,AV102)))) -> FALSE | BO102: =IF(S102=$BO$39,X102,IF(AA102=$BO$39,AF102,IF(AI102=$BO$39,AN102,IF(AQ102=$BO$39,AV102)))) -> FALSE | BP102: =IF(S102=$BP$39,X102,IF(AA102=$BP$39,AF102,IF(AI102=$BP$39,AN102,IF(AQ102=$BP$39,AV102)))) -> FALSE | BQ102: =IF(S102=$BQ$39,X102,IF(AA102=$BQ$39,AF102,IF(AI102=$BQ$39,AN102,IF(AQ102=$BQ$39,AV102)))) -> FALSE | BR102: =IF(S102=$BR$39,X102,IF(AA102=$BR$39,AF102,IF(AI102=$BR$39,AN102,IF(AQ102=$BR$39,AV102)))) -> FALSE
A103: Latex | B103: Latex Experto y Homologos | C103: Millennium | D103: Galon | E103: - | F103: - | G103: CW038W | H103: 247 | I103: 243 | J103: 231 | P103: Blanca | Q103: 128 | R103: =IF(P103=$A$32,$G$32,IF(P103=$A$33,$G$33,IF(P103=$A$34,$G$34,IF(P103=$A$35,$G$35)))) -> 0 | S103: CA | U103: 2 | V103: =(T103*48)+(U103) -> 2 | W103: =(V103/48) -> 0.041666667 | X103: =(W103/0.033814) -> 1.2322312 | Y103: =(X103*0.03) -> 0.036966937 | Z103: =IF(S103="",0,VLOOKUP(S103,[1]!Costo_Twist,2,FALSE)*W103) -> 2.8272269 | AA103: VI | AC103: 3 | AD103: =(AB103*48)+(AC103) -> 3 | AE103: =(AD103/48) -> 0.0625 | AF103: =(AE103/0.033814) -> 1.8483468 | AG103: =(AF103*0.03) -> 0.055450405 | AH103: =IF(AA103="",0,VLOOKUP(AA103,[1]!Costo_Twist,2,FALSE)*AE103) -> 12.665523 | AI103: OC | AK103: 2.5 | AL103: =(AJ103*48)+(AK103) -> 2.5 | AM103: =(AL103/48) -> 0.052083333 | AN103: =(AM103/0.033814) -> 1.540289 | AO103: =(AN103*0.03) -> 0.046208671 | AP103: =IF(AI103="",0,VLOOKUP(AI103,[1]!Costo_Twist,2,FALSE)*AM103) -> 7.626157 | AT103: =(AR103*48)+(AS103) -> 0 | AU103: =(AT103/48) -> 0 | AV103: =(AU103/0.033814) -> 0 | AW103: =(AV103*0.03) -> 0 | AX103: =IF(AQ103="",0,VLOOKUP(AQ103,[1]!Costo_Twist,2,FALSE)*AU103) -> 0 | AY103: =(Z103+AH103+AP103+AX103) -> 23.118907 | AZ103: =(W103+AE103+AM103+AU103) -> 0.15625 | BA103: =(Q103+AZ103) -> 128.15625 | BB103: =IF(BA103>=133,"sobrellenado","ok") -> ok | BC103: =IF((COUNTIF($AA103,$S103)+COUNTIF($AI103,$S103)+COUNTIF($AQ103,$S103)+COUNTIF($S103,$AA103)+COUNTIF($AI103,$AA103)+COUNTIF($AQ103,$AA103)+COUNTIF($S103,$AI103)+COUNTIF($AA103,$AI103)+COUNTIF($AQ103,$AI103)+COUNTIF($S103,$AQ103)+COUNTIF($AA103,$AQ103)+COUNTIF($AI103,$AQ103))>1,"Falla","ok") -> ok | BE103: =IF(S103=$BE$39,X103,IF(AA103=$BE$39,AF103,IF(AI103=$BE$39,AN103,IF(AQ103=$BE$39,AV103)))) -> FALSE | BF103: =IF(S103=$BF$39,X103,IF(AA103=$BF$39,AF103,IF(AI103=$BF$39,AN103,IF(AQ103=$BF$39,AV103)))) -> FALSE | BG103: =IF(S103=$BG$39,X103,IF(AA103=$BG$39,AF103,IF(AI103=$BG$39,AN103,IF(AQ103=$BG$39,AV103)))) -> FALSE | BH103: =IF(S103=$BH$39,X103,IF(AA103=$BH$39,AF103,IF(AI103=$BH$39,AN103,IF(AQ103=$BH$39,AV103)))) -> FALSE | BI103: =IF(S103=$BI$39,X103,IF(AA103=$BI$39,AF103,IF(AI103=$BI$39,AN103,IF(AQ103=$BI$39,AV103)))) -> FALSE | BJ103: =IF(S103=$BJ$39,X103,IF(AA103=$BJ$39,AF103,IF(AI103=$BJ$39,AN103,IF(AQ103=$BJ$39,AV103)))) -> 1.2322312 | BK103: =IF(S103=$BK$39,X103,IF(AA103=$BK$39,AF103,IF(AI103=$BK$39,AN103,IF(AQ103=$BK$39,AV103)))) -> FALSE | BL103: =IF(S103=$BL$39,X103,IF(AA103=$BL$39,AF103,IF(AI103=$BL$39,AN103,IF(AQ103=$BL$39,AV103)))) -> FALSE | BM103: =IF(S103=$BM$39,X103,IF(AA103=$BM$39,AF103,IF(AI103=$BM$39,AN103,IF(AQ103=$BM$39,AV103)))) -> 1.540289 | BN103: =IF(S103=$BN$39,X103,IF(AA103=$BN$39,AF103,IF(AI103=$BN$39,AN103,IF(AQ103=$BN$39,AV103)))) -> FALSE | BO103: =IF(S103=$BO$39,X103,IF(AA103=$BO$39,AF103,IF(AI103=$BO$39,AN103,IF(AQ103=$BO$39,AV103)))) -> FALSE | BP103: =IF(S103=$BP$39,X103,IF(AA103=$BP$39,AF103,IF(AI103=$BP$39,AN103,IF(AQ103=$BP$39,AV103)))) -> FALSE | BQ103: =IF(S103=$BQ$39,X103,IF(AA103=$BQ$39,AF103,IF(AI103=$BQ$39,AN103,IF(AQ103=$BQ$39,AV103)))) -> FALSE | BR103: =IF(S103=$BR$39,X103,IF(AA103=$BR$39,AF103,IF(AI103=$BR$39,AN103,IF(AQ103=$BR$39,AV103)))) -> 1.8483468
A104: Latex | B104: Latex Experto y Homologos | C104: Millennium | D104: Galon | E104: - | F104: - | G104: CW039W | H104: 250 | I104: 250 | J104: 236 | P104: Blanca | Q104: 128 | R104: =IF(P104=$A$32,$G$32,IF(P104=$A$33,$G$33,IF(P104=$A$34,$G$34,IF(P104=$A$35,$G$35)))) -> 0 | S104: CA | U104: 4 | V104: =(T104*48)+(U104) -> 4 | W104: =(V104/48) -> 0.083333333 | X104: =(W104/0.033814) -> 2.4644625 | Y104: =(X104*0.03) -> 0.073933874 | Z104: =IF(S104="",0,VLOOKUP(S104,[1]!Costo_Twist,2,FALSE)*W104) -> 5.6544539 | AA104: VI | AC104: 0.5 | AD104: =(AB104*48)+(AC104) -> 0.5 | AE104: =(AD104/48) -> 0.010416667 | AF104: =(AE104/0.033814) -> 0.30805781 | AG104: =(AF104*0.03) -> 0.0092417342 | AH104: =IF(AA104="",0,VLOOKUP(AA104,[1]!Costo_Twist,2,FALSE)*AE104) -> 2.1109205 | AI104: OC | AK104: 1 | AL104: =(AJ104*48)+(AK104) -> 1 | AM104: =(AL104/48) -> 0.020833333 | AN104: =(AM104/0.033814) -> 0.61611561 | AO104: =(AN104*0.03) -> 0.018483468 | AP104: =IF(AI104="",0,VLOOKUP(AI104,[1]!Costo_Twist,2,FALSE)*AM104) -> 3.0504628 | AT104: =(AR104*48)+(AS104) -> 0 | AU104: =(AT104/48) -> 0 | AV104: =(AU104/0.033814) -> 0 | AW104: =(AV104*0.03) -> 0 | AX104: =IF(AQ104="",0,VLOOKUP(AQ104,[1]!Costo_Twist,2,FALSE)*AU104) -> 0 | AY104: =(Z104+AH104+AP104+AX104) -> 10.815837 | AZ104: =(W104+AE104+AM104+AU104) -> 0.11458333 | BA104: =(Q104+AZ104) -> 128.11458 | BB104: =IF(BA104>=133,"sobrellenado","ok") -> ok | BC104: =IF((COUNTIF($AA104,$S104)+COUNTIF($AI104,$S104)+COUNTIF($AQ104,$S104)+COUNTIF($S104,$AA104)+COUNTIF($AI104,$AA104)+COUNTIF($AQ104,$AA104)+COUNTIF($S104,$AI104)+COUNTIF($AA104,$AI104)+COUNTIF($AQ104,$AI104)+COUNTIF($S104,$AQ104)+COUNTIF($AA104,$AQ104)+COUNTIF($AI104,$AQ104))>1,"Falla","ok") -> ok | BE104: =IF(S104=$BE$39,X104,IF(AA104=$BE$39,AF104,IF(AI104=$BE$39,AN104,IF(AQ104=$BE$39,AV104)))) -> FALSE | BF104: =IF(S104=$BF$39,X104,IF(AA104=$BF$39,AF104,IF(AI104=$BF$39,AN104,IF(AQ104=$BF$39,AV104)))) -> FALSE | BG104: =IF(S104=$BG$39,X104,IF(AA104=$BG$39,AF104,IF(AI104=$BG$39,AN104,IF(AQ104=$BG$39,AV104)))) -> FALSE | BH104: =IF(S104=$BH$39,X104,IF(AA104=$BH$39,AF104,IF(AI104=$BH$39,AN104,IF(AQ104=$BH$39,AV104)))) -> FALSE | BI104: =IF(S104=$BI$39,X104,IF(AA104=$BI$39,AF104,IF(AI104=$BI$39,AN104,IF(AQ104=$BI$39,AV104)))) -> FALSE | BJ104: =IF(S104=$BJ$39,X104,IF(AA104=$BJ$39,AF104,IF(AI104=$BJ$39,AN104,IF(AQ104=$BJ$39,AV104)))) -> 2.4644625 | BK104: =IF(S104=$BK$39,X104,IF(AA104=$BK$39,AF104,IF(AI104=$BK$39,AN104,IF(AQ104=$BK$39,AV104)))) -> FALSE | BL104: =IF(S104=$BL$39,X104,IF(AA104=$BL$39,AF104,IF(AI104=$BL$39,AN104,IF(AQ104=$BL$39,AV104)))) -> FALSE | BM104: =IF(S104=$BM$39,X104,IF(AA104=$BM$39,AF104,IF(AI104=$BM$39,AN104,IF(AQ104=$BM$39,AV104)))) -> 0.61611561 | BN104: =IF(S104=$BN$39,X104,IF(AA104=$BN$39,AF104,IF(AI104=$BN$39,AN104,IF(AQ104=$BN$39,AV104)))) -> FALSE | BO104: =IF(S104=$BO$39,X104,IF(AA104=$BO$39,AF104,IF(AI104=$BO$39,AN104,IF(AQ104=$BO$39,AV104)))) -> FALSE | BP104: =IF(S104=$BP$39,X104,IF(AA104=$BP$39,AF104,IF(AI104=$BP$39,AN104,IF(AQ104=$BP$39,AV104)))) -> FALSE | BQ104: =IF(S104=$BQ$39,X104,IF(AA104=$BQ$39,AF104,IF(AI104=$BQ$39,AN104,IF(AQ104=$BQ$39,AV104)))) -> FALSE | BR104: =IF(S104=$BR$39,X104,IF(AA104=$BR$39,AF104,IF(AI104=$BR$39,AN104,IF(AQ104=$BR$39,AV104)))) -> 0.30805781
